id,issue,host,status,input,expected,actual,review_note,evidence
I1352-001,1352,native,成功,fixtures/large.pfdsl; fixtures/narrow.pfdsl; fixtures/actions.pfdsl,初回 Fit: docs/samples/pfdsl_implementation_flow.pfdsl の大図全体を表示（小図を不必要に拡大しない）,初回large313行の全図が17.3%で収まった。小図actionsは100%。,,native/large-first-fit.jpg; native/01-baseline.jpg
I1352-001,1352,vscode,成功,"vscode/input/pfdsl_implementation_flow.pfdsl (copy of current docs/samples/pfdsl_implementation_flow.pfdsl; 81 nodes, 313 lines)",初回 Fit: docs/samples/pfdsl_implementation_flow.pfdsl の大図全体を表示（小図を不必要に拡大しない）,Large sample first render fits whole graph at 17.2%; minimal three-node first render stays 100% without enlargement. Current sample path is docs/samples/pfdsl_implementation_flow.pfdsl.,,vscode/screenshots/large-initial-ready.png; vscode/screenshots/def-minimal-before.png
I1352-001,1352,cli,対象外,,初回 Fit: docs/samples/pfdsl_implementation_flow.pfdsl の大図全体を表示（小図を不必要に拡大しない）,,,
I1352-002,1352,native,成功,fixtures/large.pfdsl; fixtures/narrow.pfdsl; fixtures/actions.pfdsl,初回 Fit: 12-subflow.pfdsl を狭い side-by-side 表示で全体把握,補完: native window948x812、preview約480pxで12-subflowの新規copyを初めて開き75.8%で全3nodes/edgesが収まった。幅635pxの初回100%も保持。 最終狭幅補完: window948x812/preview約480pxで初回Fit75.8%→100%→−90.9%→＋100%→Fit75.8%、Help全文折返し/閉じるを実測。,,native/suppsmallfirst.jpg; native/narrow-first-fit.jpg; native/ncontrolfirst.jpg; native/ncontrol100.jpg; native/ncontrolminus.jpg; native/ncontrolplus.jpg; native/ncontrolfit.jpg; native/ncontrolhelp.jpg
I1352-002,1352,vscode,成功,vscode/input/12-subflow.pfdsl,初回 Fit: 12-subflow.pfdsl を狭い side-by-side 表示で全体把握,"Narrow side-by-side 12-subflow first render fits at 90.2%, showing all nodes. Supplementary real-host narrow12-subflow check (568px preview): initial90.2%, explicit100%, minus90.9%, plus100%, Fit90.2%; process center stays fixed through ±. Help full text opens and closes. Source bytes unchanged.",,vscode/screenshots/subflow-fit-ready.png; vscode/screenshots/narrow-ready.png; vscode/screenshots/narrow100.png; vscode/screenshots/narrowminus.png; vscode/screenshots/narrowplus.png; vscode/screenshots/narrowfit.png; vscode/screenshots/narrowhelp.png; vscode/screenshots/narrowhelpclosed.png; vscode/narrow-supplement-status.json
I1352-002,1352,cli,対象外,,初回 Fit: 12-subflow.pfdsl を狭い side-by-side 表示で全体把握,,,
I1352-003,1352,native,成功,fixtures/large.pfdsl; fixtures/narrow.pfdsl; fixtures/actions.pfdsl,大図と狭幅図の両方で: 明示 Fit ボタンで全図へ戻る,補完: 100%→+110%→−100%の後Fitクリックで17.3%全図へ復帰。個別直後画像を保存。 最終狭幅補完: window948x812/preview約480pxで初回Fit75.8%→100%→−90.9%→＋100%→Fit75.8%、Help全文折返し/閉じるを実測。,,native/supp100.jpg; native/suppplus.jpg; native/suppminus.jpg; native/suppfit.jpg; native/ncontrolfirst.jpg; native/ncontrol100.jpg; native/ncontrolminus.jpg; native/ncontrolplus.jpg; native/ncontrolfit.jpg; native/ncontrolhelp.jpg
I1352-003,1352,vscode,成功,"vscode/input/pfdsl_implementation_flow.pfdsl (copy of current docs/samples/pfdsl_implementation_flow.pfdsl; 81 nodes, 313 lines)",大図と狭幅図の両方で: 明示 Fit ボタンで全図へ戻る,"Large graph: explicit 100% reads 100%, minus reads 90.9%, plus returns 100%; Fit returns 17.2%. Node geometry scales about viewport center. Help visibly describes wheel zoom, drag, minimap and node double-click; each gesture was exercised. Supplementary real-host narrow12-subflow check (568px preview): initial90.2%, explicit100%, minus90.9%, plus100%, Fit90.2%; process center stays fixed through ±. Help full text opens and closes. Source bytes unchanged.",,vscode/screenshots/large-100.png; vscode/screenshots/large-minus.png; vscode/screenshots/large-help-plus.png; vscode/screenshots/large-fit.png; vscode/screenshots/narrow-ready.png; vscode/screenshots/narrow100.png; vscode/screenshots/narrowminus.png; vscode/screenshots/narrowplus.png; vscode/screenshots/narrowfit.png; vscode/screenshots/narrowhelp.png; vscode/screenshots/narrowhelpclosed.png; vscode/narrow-supplement-status.json
I1352-003,1352,cli,対象外,,大図と狭幅図の両方で: 明示 Fit ボタンで全図へ戻る,,,
I1352-004,1352,native,成功,fixtures/large.pfdsl; fixtures/narrow.pfdsl; fixtures/actions.pfdsl,大図と狭幅図の両方で: 明示 100% ボタンで原寸へ戻る,補完: 大図100%の独立直後画像を取得。 最終狭幅補完: window948x812/preview約480pxで初回Fit75.8%→100%→−90.9%→＋100%→Fit75.8%、Help全文折返し/閉じるを実測。,,native/supp100.jpg; native/ncontrolfirst.jpg; native/ncontrol100.jpg; native/ncontrolminus.jpg; native/ncontrolplus.jpg; native/ncontrolfit.jpg; native/ncontrolhelp.jpg
I1352-004,1352,vscode,成功,"vscode/input/pfdsl_implementation_flow.pfdsl (copy of current docs/samples/pfdsl_implementation_flow.pfdsl; 81 nodes, 313 lines)",大図と狭幅図の両方で: 明示 100% ボタンで原寸へ戻る,"Large graph: explicit 100% reads 100%, minus reads 90.9%, plus returns 100%; Fit returns 17.2%. Node geometry scales about viewport center. Help visibly describes wheel zoom, drag, minimap and node double-click; each gesture was exercised. Supplementary real-host narrow12-subflow check (568px preview): initial90.2%, explicit100%, minus90.9%, plus100%, Fit90.2%; process center stays fixed through ±. Help full text opens and closes. Source bytes unchanged.",,vscode/screenshots/large-100.png; vscode/screenshots/large-minus.png; vscode/screenshots/large-help-plus.png; vscode/screenshots/large-fit.png; vscode/screenshots/narrow-ready.png; vscode/screenshots/narrow100.png; vscode/screenshots/narrowminus.png; vscode/screenshots/narrowplus.png; vscode/screenshots/narrowfit.png; vscode/screenshots/narrowhelp.png; vscode/screenshots/narrowhelpclosed.png; vscode/narrow-supplement-status.json
I1352-004,1352,cli,対象外,,大図と狭幅図の両方で: 明示 100% ボタンで原寸へ戻る,,,
I1352-005,1352,native,成功,fixtures/large.pfdsl; fixtures/narrow.pfdsl; fixtures/actions.pfdsl,大図と狭幅図の両方で: − と ＋を両方操作し viewport 中心基準の倍率変化を確認,補完: +で100→110%、−で110→100%。中心付近のintegrate_core_modulesを保ち倍率変化する各画像。 最終狭幅補完: window948x812/preview約480pxで初回Fit75.8%→100%→−90.9%→＋100%→Fit75.8%、Help全文折返し/閉じるを実測。,,native/supp100.jpg; native/suppplus.jpg; native/suppminus.jpg; native/ncontrolfirst.jpg; native/ncontrol100.jpg; native/ncontrolminus.jpg; native/ncontrolplus.jpg; native/ncontrolfit.jpg; native/ncontrolhelp.jpg
I1352-005,1352,vscode,成功,"vscode/input/pfdsl_implementation_flow.pfdsl (copy of current docs/samples/pfdsl_implementation_flow.pfdsl; 81 nodes, 313 lines)",大図と狭幅図の両方で: − と ＋を両方操作し viewport 中心基準の倍率変化を確認,"Large graph: explicit 100% reads 100%, minus reads 90.9%, plus returns 100%; Fit returns 17.2%. Node geometry scales about viewport center. Help visibly describes wheel zoom, drag, minimap and node double-click; each gesture was exercised. Supplementary real-host narrow12-subflow check (568px preview): initial90.2%, explicit100%, minus90.9%, plus100%, Fit90.2%; process center stays fixed through ±. Help full text opens and closes. Source bytes unchanged.",,vscode/screenshots/large-100.png; vscode/screenshots/large-minus.png; vscode/screenshots/large-help-plus.png; vscode/screenshots/large-fit.png; vscode/screenshots/narrow-ready.png; vscode/screenshots/narrow100.png; vscode/screenshots/narrowminus.png; vscode/screenshots/narrowplus.png; vscode/screenshots/narrowfit.png; vscode/screenshots/narrowhelp.png; vscode/screenshots/narrowhelpclosed.png; vscode/narrow-supplement-status.json
I1352-005,1352,cli,対象外,,大図と狭幅図の両方で: − と ＋を両方操作し viewport 中心基準の倍率変化を確認,,,
I1352-006,1352,native,成功,fixtures/large.pfdsl; fixtures/narrow.pfdsl; fixtures/actions.pfdsl,大図と狭幅図の両方で: 倍率表示と Help が見つかり wheel/drag/minimap/node double-click の説明が実際と一致,倍率とHelp表示。wheel/pan/minimap/double-click/右click/Enter/hover/Escapeの説明を実操作と照合。 最終狭幅補完: window948x812/preview約480pxで初回Fit75.8%→100%→−90.9%→＋100%→Fit75.8%、Help全文折返し/閉じるを実測。,,native/help.jpg; native/background-double-click.jpg; native/node-double-click.jpg; native/ncontrolfirst.jpg; native/ncontrol100.jpg; native/ncontrolminus.jpg; native/ncontrolplus.jpg; native/ncontrolfit.jpg; native/ncontrolhelp.jpg
I1352-006,1352,vscode,成功,"vscode/input/pfdsl_implementation_flow.pfdsl (copy of current docs/samples/pfdsl_implementation_flow.pfdsl; 81 nodes, 313 lines)",大図と狭幅図の両方で: 倍率表示と Help が見つかり wheel/drag/minimap/node double-click の説明が実際と一致,"Large graph: explicit 100% reads 100%, minus reads 90.9%, plus returns 100%; Fit returns 17.2%. Node geometry scales about viewport center. Help visibly describes wheel zoom, drag, minimap and node double-click; each gesture was exercised. Supplementary real-host narrow12-subflow check (568px preview): initial90.2%, explicit100%, minus90.9%, plus100%, Fit90.2%; process center stays fixed through ±. Help full text opens and closes. Source bytes unchanged.",,vscode/screenshots/large-100.png; vscode/screenshots/large-minus.png; vscode/screenshots/large-help-plus.png; vscode/screenshots/large-fit.png; vscode/screenshots/narrow-ready.png; vscode/screenshots/narrow100.png; vscode/screenshots/narrowminus.png; vscode/screenshots/narrowplus.png; vscode/screenshots/narrowfit.png; vscode/screenshots/narrowhelp.png; vscode/screenshots/narrowhelpclosed.png; vscode/narrow-supplement-status.json
I1352-006,1352,cli,対象外,,大図と狭幅図の両方で: 倍率表示と Help が見つかり wheel/drag/minimap/node double-click の説明が実際と一致,,,
I1352-007,1352,native,成功,fixtures/large.pfdsl; fixtures/narrow.pfdsl; fixtures/actions.pfdsl,wheel zoom 後の通常本文編集で zoom/pan を不必要にリセットしない,100%からwheel拡大後110%、pan/minimap操作後title末尾space編集でも見えているnodesとminimap viewport位置を保持。,,native/nav-before-edit.jpg; native/nav-after-edit.jpg
I1352-007,1352,vscode,成功,"vscode/input/pfdsl_implementation_flow.pfdsl (copy of current docs/samples/pfdsl_implementation_flow.pfdsl; 81 nodes, 313 lines)",wheel zoom 後の通常本文編集で zoom/pan を不必要にリセットしない,"Wheel zoom to 121%, append body comment # zoom edit and save: camera position and 121% remain. This checks a normal body-comment edit, not every topology-changing edit.",,vscode/screenshots/wheel-before-edit.png; vscode/screenshots/wheel-after-edit.png; vscode/source-states/large-wheel-edit.pfdsl
I1352-007,1352,cli,対象外,,wheel zoom 後の通常本文編集で zoom/pan を不必要にリセットしない,,,
I1352-008,1352,native,成功,fixtures/large.pfdsl; fixtures/narrow.pfdsl; fixtures/actions.pfdsl,drag pan 後の通常本文編集で位置を不必要にリセットしない,背景drag panとminimap後の通常編集で同じ図位置を保持。個別pixel transform値は取得していない。,,native/nav-before-edit.jpg; native/nav-after-edit.jpg
I1352-008,1352,vscode,成功,"vscode/input/pfdsl_implementation_flow.pfdsl (copy of current docs/samples/pfdsl_implementation_flow.pfdsl; 81 nodes, 313 lines)",drag pan 後の通常本文編集で位置を不必要にリセットしない,"At 121% drag main canvas left/up, append pan edit to body comment and save: same visible region and zoom remain.",,vscode/screenshots/pan-before-edit.png; vscode/screenshots/pan-after-edit.png; vscode/source-states/large-pan-edit.pfdsl
I1352-008,1352,cli,対象外,,drag pan 後の通常本文編集で位置を不必要にリセットしない,,,
I1352-009,1352,native,成功,fixtures/large.pfdsl; fixtures/narrow.pfdsl; fixtures/actions.pfdsl,minimap click と drag 後の通常本文編集で位置を不必要にリセットしない,minimap click/dragで図領域が移動し、後続通常編集で図位置を保持。,,native/nav-before-edit.jpg; native/nav-after-edit.jpg
I1352-009,1352,vscode,成功,"vscode/input/pfdsl_implementation_flow.pfdsl (copy of current docs/samples/pfdsl_implementation_flow.pfdsl; 81 nodes, 313 lines)",minimap click と drag 後の通常本文編集で位置を不必要にリセットしない,Click minimap then drag viewport to another large-graph region; append minimap edit to body comment and save: camera and 121% retained.,,vscode/screenshots/minimap-click.png; vscode/screenshots/minimap-drag.png; vscode/screenshots/minimap-after-edit.png; vscode/source-states/large-minimap-edit.pfdsl
I1352-009,1352,cli,対象外,,minimap click と drag 後の通常本文編集で位置を不必要にリセットしない,,,
I1352-010,1352,native,成功,fixtures/large.pfdsl; fixtures/narrow.pfdsl; fixtures/actions.pfdsl,拡大・縮小・pan 後、正常→構文エラーで全文が通常サイズ・折返し/scrollで読める,110%/pan後に末尾 x >> を実入力しP006全文を通常サイズで表示。,,native/large-error.jpg
I1352-010,1352,vscode,成功,vscode/input/connections.pfdsl,拡大・縮小・pan 後、正常→構文エラーで全文が通常サイズ・折返し/scrollで読める,"With Problems already open (constant preview height), zoom/pan to 194.9%, delete final result token from source >> transform -> result and save. P007 full sentence is legible at normal size, stale minimap disappears, controls disable. Problems shows P007 line20 col24 plus orphan warning. One Undo/save restores original bytes; graph/minimap and 194.9% camera match before; filtered Problems clears.",,vscode/screenshots/error-before-final.png; vscode/screenshots/error-visible.png; vscode/screenshots/error-recovered.png; vscode/source-states/error-source.pfdsl; vscode/source-states/error-recovered.pfdsl
I1352-010,1352,cli,対象外,,拡大・縮小・pan 後、正常→構文エラーで全文が通常サイズ・折返し/scrollで読める,,,
I1352-011,1352,native,成功,fixtures/large.pfdsl; fixtures/narrow.pfdsl; fixtures/actions.pfdsl,構文エラー中に古い minimap を現在図と誤認させない,エラー中の古いminimapは消え、正常図と誤認する表示なし。,,native/large-error.jpg
I1352-011,1352,vscode,成功,vscode/input/connections.pfdsl,構文エラー中に古い minimap を現在図と誤認させない,"With Problems already open (constant preview height), zoom/pan to 194.9%, delete final result token from source >> transform -> result and save. P007 full sentence is legible at normal size, stale minimap disappears, controls disable. Problems shows P007 line20 col24 plus orphan warning. One Undo/save restores original bytes; graph/minimap and 194.9% camera match before; filtered Problems clears.",,vscode/screenshots/error-before-final.png; vscode/screenshots/error-visible.png; vscode/screenshots/error-recovered.png; vscode/source-states/error-source.pfdsl; vscode/source-states/error-recovered.pfdsl
I1352-011,1352,cli,対象外,,構文エラー中に古い minimap を現在図と誤認させない,,,
I1352-012,1352,native,成功,fixtures/large.pfdsl; fixtures/narrow.pfdsl; fixtures/actions.pfdsl,構文エラー→正常の回復後、可視 editor・主図・minimap が現文書に整合し位置を保持,Undo/Backspaceで末尾不完全chainを除去し元図とminimap復帰。倍率110%と元のvisible node位置を保持。,,native/large-recovery-exact.jpg; native/nav-before-edit.jpg
I1352-012,1352,vscode,成功,vscode/input/connections.pfdsl,構文エラー→正常の回復後、可視 editor・主図・minimap が現文書に整合し位置を保持,"With Problems already open (constant preview height), zoom/pan to 194.9%, delete final result token from source >> transform -> result and save. P007 full sentence is legible at normal size, stale minimap disappears, controls disable. Problems shows P007 line20 col24 plus orphan warning. One Undo/save restores original bytes; graph/minimap and 194.9% camera match before; filtered Problems clears.",,vscode/screenshots/error-before-final.png; vscode/screenshots/error-visible.png; vscode/screenshots/error-recovered.png; vscode/source-states/error-source.pfdsl; vscode/source-states/error-recovered.pfdsl
I1352-012,1352,cli,対象外,,構文エラー→正常の回復後、可視 editor・主図・minimap が現文書に整合し位置を保持,,,
I1352-013,1352,native,成功,fixtures/large.pfdsl; fixtures/narrow.pfdsl; fixtures/actions.pfdsl,定義作成後に新 label へ移動・選択され次に編集する項目が分かる,artifact output/process buildのCreate後label値が選択され該当行が見える。,,native/02-artifact-created.jpg; native/05-process-created.jpg
I1352-013,1352,vscode,成功,fixtures/original/definition-rich-lf.pfdsl,定義作成後に新 label へ移動・選択され次に編集する項目が分かる,Node actions and editor Ctrl+. Quick Fix both select the inserted artifact/process label and give appropriate next-edit guidance. Artifact guidance asks for completion criteria; source contains only label and the actual saved result yields W002 (non-strict warning). Process guidance omits criteria. GUI selection/notification and same-byte result were observed; W002 code was additionally checked with the built CLI on the actual saved GUI output.,,vscode/screenshots/def-lf-artifact-after.png; vscode/screenshots/def-lf-process-after.png; vscode/screenshots/quickfix-artifact-after.png; vscode/screenshots/quickfix-process-after.png; vscode/logs/generated-after-check.json
I1352-013,1352,cli,対象外,,定義作成後に新 label へ移動・選択され次に編集する項目が分かる,,,
I1352-014,1352,native,成功,fixtures/large.pfdsl; fixtures/narrow.pfdsl; fixtures/actions.pfdsl,produced artifact の criteria 案内は仕様§15.7/W002と整合（空criteria自動挿入のみを成功扱いしない）,produced output作成後W002とcriteria入力案内。生成sourceはlabelのみで空criteriaを挿入しない。spec15.7を照合。,,native/02-artifact-created.jpg; native/artifact-after.pfdsl
I1352-014,1352,vscode,成功,fixtures/original/definition-rich-lf.pfdsl,produced artifact の criteria 案内は仕様§15.7/W002と整合（空criteria自動挿入のみを成功扱いしない）,"Node actions and editor Ctrl+. Quick Fix both select the inserted artifact/process label and give appropriate next-edit guidance. Artifact guidance asks for completion criteria; source contains only label and the actual saved result yields W002 (non-strict warning). Process guidance omits criteria. GUI selection/notification and same-byte result were observed; W002 code was additionally checked with the built CLI on the actual saved GUI output. Actual Problems also displayed W002 after result creation; label only was inserted, criteria was not faked with an empty value.",,vscode/screenshots/def-lf-artifact-after.png; vscode/screenshots/def-lf-process-after.png; vscode/screenshots/quickfix-artifact-after.png; vscode/screenshots/quickfix-process-after.png; vscode/logs/generated-after-check.json; vscode/screenshots/created-w002-problems.png
I1352-014,1352,cli,対象外,,produced artifact の criteria 案内は仕様§15.7/W002と整合（空criteria自動挿入のみを成功扱いしない）,,,
I1352-015,1352,native,成功,fixtures/large.pfdsl; fixtures/narrow.pfdsl; fixtures/actions.pfdsl,連続したノード移動で正しい対象へ移動,editorのbuild/output定義キー選択で対応nodeへ連続移動。cueは別途未確認。,,native/editor-focus-build.jpg; native/hover-follow-output.jpg
I1352-015,1352,vscode,成功,vscode/input/hover-valid.pfdsl,連続したノード移動で正しい対象へ移動,"Actual editor double-click selection source then result, 669 ms apart, moves main graph to corresponding nodes. First blue cue clears as second target gets cue.",,vscode/screenshots/editor-source-cue.png; vscode/screenshots/editor-result-cue.png; vscode/cue-timing.json
I1352-015,1352,cli,対象外,,連続したノード移動で正しい対象へ移動,,,
I1352-016,1352,native,成功,fixtures/large.pfdsl; fixtures/narrow.pfdsl; fixtures/actions.pfdsl,preview を閉じて開き直して正常表示・操作,dirty検証window終了→同AppRun再起動で日本語source/図/minimap、Welcomeへの切替正常。旧hover残存なし。,,native/reopened-native.jpg; native/exit-first-session.txt; native/exit.txt
I1352-016,1352,vscode,成功,"vscode/input/pfdsl_implementation_flow.pfdsl (copy of current docs/samples/pfdsl_implementation_flow.pfdsl; 81 nodes, 313 lines)",preview を閉じて開き直して正常表示・操作,Closed large preview and reopened through PFDSL Preview command; graph reaches ready state at 17.2%. Also disposed hovered graph and reopened at fresh Fit66% with no old hover/cue.,,vscode/screenshots/large-reopened-ready.png; vscode/screenshots/hover-reopened.png
I1352-016,1352,cli,対象外,,preview を閉じて開き直して正常表示・操作,,,
I1352-017,1352,native,成功,fixtures/large.pfdsl; fixtures/narrow.pfdsl; fixtures/actions.pfdsl,背景 double-click は100%、node double-click はsource移動を維持,node double-clickでbuild定義行へ移動、背景double-clickで77.9%から100%。,,native/node-double-click.jpg; native/background-double-click.jpg
I1352-017,1352,vscode,成功,large sample and connections.pfdsl,背景 double-click は100%、node double-click はsource移動を維持,Large canvas background double-click resets to 100%; existing transform double-click first selects body occurrence then definition in source.,,vscode/screenshots/large-background100.png; vscode/screenshots/doubleclick-body.png; vscode/screenshots/doubleclick-definition.png
I1352-017,1352,cli,対象外,,背景 double-click は100%、node double-click はsource移動を維持,,,
I1352-018,1352,native,対象外,,Quick Fix と Node actions の定義作成後 label 選択・criteria 案内が一貫,,,
I1352-018,1352,vscode,成功,fixtures/original/definition-rich-lf.pfdsl,Quick Fix と Node actions の定義作成後 label 選択・criteria 案内が一貫,Node actions and editor Ctrl+. Quick Fix both select the inserted artifact/process label and give appropriate next-edit guidance. Artifact guidance asks for completion criteria; source contains only label and the actual saved result yields W002 (non-strict warning). Process guidance omits criteria. GUI selection/notification and same-byte result were observed; W002 code was additionally checked with the built CLI on the actual saved GUI output.,,vscode/screenshots/def-lf-artifact-after.png; vscode/screenshots/def-lf-process-after.png; vscode/screenshots/quickfix-artifact-after.png; vscode/screenshots/quickfix-process-after.png; vscode/logs/generated-after-check.json
I1352-018,1352,cli,対象外,,Quick Fix と Node actions の定義作成後 label 選択・criteria 案内が一貫,,,
I1352-019,1352,native,対象外,,root README の make setup と make vscode-dev から依存build→拡張workspace→F5→実Extension Development Hostへ到達,,,
I1352-019,1352,vscode,成功,vscode/launch.sh,root README の make setup と make vscode-dev から依存build→拡張workspace→F5→実Extension Development Hostへ到達,Parent make setup and setup-completion check passed. Exact worktree make build passed; documented make vscode-dev invoked from desktop terminal built dependencies and opened packages/vscode-extension. F5 rebuilt via preLaunchTask and launched actual Extension Development Host 1.140.0. Only the authorized extension workspace was trusted for debugging; disposable input workspace remains Restricted Mode and PFDSL operates there. No renderer/sandbox flags added.,,vscode/build.log; vscode/vscode-dev.log; vscode/screenshots/def-preview-ready.png; vscode/identity-before.json
I1352-019,1352,cli,対象外,,root README の make setup と make vscode-dev から依存build→拡張workspace→F5→実Extension Development Hostへ到達,,,
I1352-020,1352,native,対象外,,拡張 README のbuild・起動・Help/gesture説明と実挙動が一致,,,
I1352-020,1352,vscode,成功,exact fixed-HEAD checkout,拡張 README のbuild・起動・Help/gesture説明と実挙動が一致,Root make setup and make vscode-dev → F5 actual Extension Development Host succeeded. Extension README Help/gesture descriptions match visible controls and exercised gestures. Isolated user/extension directories; no rendering or sandbox flags.,,vscode/screenshots/host-start.png; vscode/screenshots/large-help-plus.png; vscode/screenshots/node-tab-focus.png; vscode/build.log; vscode/vscode-dev.log; vscode/identity-before.json
I1352-020,1352,cli,対象外,,拡張 README のbuild・起動・Help/gesture説明と実挙動が一致,,,
I1352-021,1352,native,対象外,,本文編集のライブ更新を維持,,,
I1352-021,1352,vscode,成功,connections.pfdsl,本文編集のライブ更新を維持,Six connection writes redraw main graph and minimap live; syntax error/recovery and definition additions update immediately from editor changes.,,vscode/screenshots/input-new-after.png; vscode/screenshots/feedback-new-after.png; vscode/screenshots/output-new-after.png; vscode/screenshots/error-recovered.png; vscode/edit-verification.json
I1352-021,1352,cli,対象外,,本文編集のライブ更新を維持,,,
I1352-022,1352,native,対象外,,Problems で診断全文・回復後の診断更新を確認,,,
I1352-022,1352,vscode,成功,vscode/input/connections.pfdsl,Problems で診断全文・回復後の診断更新を確認,"With Problems already open (constant preview height), zoom/pan to 194.9%, delete final result token from source >> transform -> result and save. P007 full sentence is legible at normal size, stale minimap disappears, controls disable. Problems shows P007 line20 col24 plus orphan warning. One Undo/save restores original bytes; graph/minimap and 194.9% camera match before; filtered Problems clears.",,vscode/screenshots/error-before-final.png; vscode/screenshots/error-visible.png; vscode/screenshots/error-recovered.png; vscode/source-states/error-source.pfdsl; vscode/source-states/error-recovered.pfdsl
I1352-022,1352,cli,対象外,,Problems で診断全文・回復後の診断更新を確認,,,
I1352-023,1352,native,対象外,,subflow Ctrl+Click リンクと子file previewの既存導線を維持,,,
I1352-023,1352,vscode,成功,12-subflow.pfdsl → 12-subflow-detail.pfdsl,subflow Ctrl+Click リンクと子file previewの既存導線を維持,"Ctrl+Click fulfill_order opens actual child 12-subflow-detail.pfdsl; its preview renders seven nodes and six edges at 49.4%. Linux Ctrl was tested, not macOS Cmd.",,vscode/screenshots/subflow-child-opened.png; vscode/screenshots/subflow-child-preview.png
I1352-023,1352,cli,対象外,,subflow Ctrl+Click リンクと子file previewの既存導線を維持,,,
I1352-024,1352,native,対象外,,Format Document と1回Undoを含む既存Undo導線を維持,,,
I1352-024,1352,vscode,成功,vscode/input/format.pfdsl,Format Document と1回Undoを含む既存Undo導線を維持,"Format Document → Flows changes a>>p->b to a >> p -> b; saved actual result and one Undo restore original bytes. Earlier format-after file represents picker-only intermediate, not success evidence.",,vscode/screenshots/format-applied.png; vscode/screenshots/format-applied-undo.png; vscode/source-states/format-applied.pfdsl; vscode/source-states/format-applied-undo.pfdsl
I1352-024,1352,cli,対象外,,Format Document と1回Undoを含む既存Undo導線を維持,,,
I1352-025,1352,native,対象外,,SVG export を実行し出力が現図に一致,,,
I1352-025,1352,vscode,成功,12-subflow-detail.pfdsl,SVG export を実行し出力が現図に一致,"Executed PFDSL Export → SVG, selected actual destination in native Save dialog. SVG parses, 5278 bytes, exact seven expected node IDs and six expected edge IDs match current child graph.",,vscode/screenshots/export-save-dialog.png; vscode/screenshots/export-completed.png; vscode/export-verification.json; vscode/exports/12-subflow-detail.svg
I1352-025,1352,cli,対象外,,SVG export を実行し出力が現図に一致,,,
I1352-026,1352,native,対象外,,巡回・定義作成・既存 preview gestures が競合しない,,,
I1352-026,1352,vscode,成功,cycle-valid.pfdsl / connections.pfdsl / hover-valid.pfdsl,巡回・定義作成・既存 preview gestures が競合しない,"Within same real host, source cycling/direct-definition, Node actions creation/connections, double-click, wheel/pan/minimap and hover all operated. No interaction conflict observed in tested paths.",,vscode/screenshots/cycle-5.png; vscode/screenshots/created-w002-problems.png; vscode/screenshots/doubleclick-definition.png; vscode/screenshots/hover-wheel.png
I1352-026,1352,cli,対象外,,巡回・定義作成・既存 preview gestures が競合しない,,,
I1352-027,1352,native,対象外,,対象HEAD既存 unit/webview smoke CI証拠を確認し実Host結果・未確認範囲と区別（runner修正禁止）,,,
I1352-027,1352,vscode,成功,sources/ci-commit-workflow-runs.json,対象HEAD既存 unit/webview smoke CI証拠を確認し実Host結果・未確認範囲と区別（runner修正禁止）,"CI package-unit evidence reviewed with provenance limits, and an actual fixed-HEAD Extension Development Host session is now producing separate GUI records. CI checkout synthetic merge96a306ac differs only in two smoke runner files; same product/unit source allows package-unit evidence reuse. That newer runner smoke pass is not certified for fixed8261 runner. No runner modification or alternate-HEAD execution.",,sources/ci-merge-vs-source-compare.json; sources/ci-test-jobs.json; sources/ci-test-logs.txt; sources/ci-vscode-smoke-logs.txt; vscode/identity-before.json; vscode/screenshots/def-preview-ready.png
I1352-027,1352,cli,対象外,,対象HEAD既存 unit/webview smoke CI証拠を確認し実Host結果・未確認範囲と区別（runner修正禁止）,,,
I1282-001,1282,native,成功,fixtures/actions.pfdsl,未定義 artifact を右クリック→Node actions→Create definition,未定義output右クリック→Createでartifact/output/labelを生成。,,native/02-artifact-created.jpg; native/artifact-after.pfdsl
I1282-001,1282,vscode,成功,fixtures/original/definition-rich-lf.pfdsl,未定義 artifact を右クリック→Node actions→Create definition,"Actual right-click → Node actions created generated as artifact and transform as process independently from LF and CRLF baselines. Label value (9 characters) selected; single Ctrl+Z restores original bytes, Ctrl+Y restores captured output. All four outputs byte-match CLI; minimal compile keyboard case also matches.",,vscode/screenshots/def-lf-artifact-after.png; vscode/screenshots/def-lf-process-after.png; vscode/screenshots/def-crlf-artifact-after.png; vscode/screenshots/def-crlf-process-after.png; vscode/edit-verification.json; cli/vscode-parity.json
I1282-001,1282,cli,対象外,,未定義 artifact を右クリック→Node actions→Create definition,,,
I1282-002,1282,native,成功,fixtures/actions.pfdsl,未定義 process を右クリック→Node actions→Create definition,独立baselineのbuild右クリック→Createでprocess/build/labelを生成。,,native/05-process-created.jpg; native/process-after.pfdsl
I1282-002,1282,vscode,成功,fixtures/original/definition-rich-lf.pfdsl,未定義 process を右クリック→Node actions→Create definition,"Actual right-click → Node actions created generated as artifact and transform as process independently from LF and CRLF baselines. Label value (9 characters) selected; single Ctrl+Z restores original bytes, Ctrl+Y restores captured output. All four outputs byte-match CLI; minimal compile keyboard case also matches.",,vscode/screenshots/def-lf-artifact-after.png; vscode/screenshots/def-lf-process-after.png; vscode/screenshots/def-crlf-artifact-after.png; vscode/screenshots/def-crlf-process-after.png; vscode/edit-verification.json; cli/vscode-parity.json
I1282-002,1282,cli,対象外,,未定義 process を右クリック→Node actions→Create definition,,,
I1282-003,1282,native,成功,fixtures/actions.pfdsl,作成位置・label選択・種別の正しさ,両種の正しいsectionへ挿入しlabel値選択と表示を確認。,,native/02-artifact-created.jpg; native/05-process-created.jpg
I1282-003,1282,vscode,成功,fixtures/original/definition-rich-lf.pfdsl,作成位置・label選択・種別の正しさ,"Actual right-click → Node actions created generated as artifact and transform as process independently from LF and CRLF baselines. Label value (9 characters) selected; single Ctrl+Z restores original bytes, Ctrl+Y restores captured output. All four outputs byte-match CLI; minimal compile keyboard case also matches.",,vscode/screenshots/def-lf-artifact-after.png; vscode/screenshots/def-lf-process-after.png; vscode/screenshots/def-crlf-artifact-after.png; vscode/screenshots/def-crlf-process-after.png; vscode/edit-verification.json; cli/vscode-parity.json
I1282-003,1282,cli,対象外,,作成位置・label選択・種別の正しさ,,,
I1282-004,1282,native,成功,fixtures/actions.pfdsl,定義済みノードには重複 Create definition を提示しない,作成済みoutputの右クリックmenuにCreate definitionが出ないことをAT-SPIで確認。,,native/operation-notes.md
I1282-004,1282,vscode,成功,fixtures/original/definition-rich-lf.pfdsl,定義済みノードには重複 Create definition を提示しない,Defined generated and compile omit Create definition while preserving connection controls.,,vscode/screenshots/def-duplicate-hidden.png; vscode/screenshots/node-toolbar-target.png
I1282-004,1282,cli,対象外,,定義済みノードには重複 Create definition を提示しない,,,
I1282-005,1282,native,成功,fixtures/actions.pfdsl,Tab でnode focus→EnterでNode actions、およびtoolbarの対象ID表示/入口を実操作,補完: Helpクリック開閉後Tab1回でNode buildにfocus（AX実測）、Enterでprocess:build actionsとCreateを表示。,,native/suppkeyboard.jpg; native/supplement-notes.md
I1282-005,1282,vscode,成功,fixtures/original/definition-minimal.pfdsl,Tab でnode focus→EnterでNode actions、およびtoolbarの対象ID表示/入口を実操作,Tab from Help focuses compile with visible outline; Enter opens process: compile Node actions; Enter creates it. Toolbar reopens actions for compile and correctly hides duplicate creation.,,vscode/screenshots/node-tab-focus.png; vscode/screenshots/node-enter-actions.png; vscode/screenshots/def-minimal-after.png; vscode/screenshots/node-toolbar-target.png
I1282-005,1282,cli,対象外,,Tab でnode focus→EnterでNode actions、およびtoolbarの対象ID表示/入口を実操作,,,
I1282-006,1282,native,成功,fixtures/actions.pfdsl,artifact作成が1回Undoで元に戻りRedoで復元,artifact生成に1回CtrlZでdirtyが消え元source/図、CtrlShiftZで復元。,,native/03-artifact-undo.jpg; native/04-artifact-redo.jpg
I1282-006,1282,vscode,成功,fixtures/original/definition-rich-lf.pfdsl,artifact作成が1回Undoで元に戻りRedoで復元,"Actual right-click → Node actions created generated as artifact and transform as process independently from LF and CRLF baselines. Label value (9 characters) selected; single Ctrl+Z restores original bytes, Ctrl+Y restores captured output. All four outputs byte-match CLI; minimal compile keyboard case also matches.",,vscode/screenshots/def-lf-artifact-after.png; vscode/screenshots/def-lf-process-after.png; vscode/screenshots/def-crlf-artifact-after.png; vscode/screenshots/def-crlf-process-after.png; vscode/edit-verification.json; cli/vscode-parity.json
I1282-006,1282,cli,対象外,,artifact作成が1回Undoで元に戻りRedoで復元,,,
I1282-007,1282,native,成功,fixtures/actions.pfdsl,process作成が1回Undoで元に戻りRedoで復元,process生成に1回CtrlZで元状態、CtrlShiftZで復元。sourceCopyとdirty状態を確認。,,native/process-after.pfdsl; native/operation-notes.md
I1282-007,1282,vscode,成功,fixtures/original/definition-rich-lf.pfdsl,process作成が1回Undoで元に戻りRedoで復元,"Actual right-click → Node actions created generated as artifact and transform as process independently from LF and CRLF baselines. Label value (9 characters) selected; single Ctrl+Z restores original bytes, Ctrl+Y restores captured output. All four outputs byte-match CLI; minimal compile keyboard case also matches.",,vscode/screenshots/def-lf-artifact-after.png; vscode/screenshots/def-lf-process-after.png; vscode/screenshots/def-crlf-artifact-after.png; vscode/screenshots/def-crlf-process-after.png; vscode/edit-verification.json; cli/vscode-parity.json
I1282-007,1282,cli,対象外,,process作成が1回Undoで元に戻りRedoで復元,,,
I1282-008,1282,native,失敗,fixtures/actions.pfdsl,YAMLコメント・引用・CRLF/改行・無関係な定義・本文を保持,rich LF/CRLF由来文書で無関係なinput keyのinline commentが次行へ移動。内容/quotes/folded scalar/bodyは保持。rawCRLF保持はclipboard→Mousepad→AXがLF化するため未確認。,,native/rich-before.jpg; native/rich-after.jpg; native/rich-artifact.diff; native/rich-process.diff; native/rich-crlf-capture.json
I1282-008,1282,vscode,失敗,fixtures/original/definition-rich-lf.pfdsl,YAMLコメント・引用・CRLF/改行・無関係な定義・本文を保持,"FAIL against strict unrelated-source preservation: each LF/CRLF artifact/process creation relocates the unrelated input key inline YAML comment to the following indented line. Comment text, quoted scalar/key, folded scalar lines, CRLF, unrelated values and graph body survive. UI and CLI share this side effect; successful creation/parity is recorded separately.",,vscode/source-diffs/definition-rich-lf-generated.patch; vscode/source-diffs/definition-rich-lf-transform.patch; vscode/source-diffs/definition-rich-crlf-generated.patch; vscode/source-diffs/definition-rich-crlf-transform.patch; vscode/edit-verification.json
I1282-008,1282,cli,対象外,,YAMLコメント・引用・CRLF/改行・無関係な定義・本文を保持,,,
I1282-009,1282,native,成功,fixtures/actions.pfdsl,既存node double-clickでsource/定義への移動を維持,preview buildのdouble-clickでeditorのbuild定義行へ移動。,,native/node-double-click.jpg
I1282-009,1282,vscode,成功,fixtures/original/connections.pfdsl,既存node double-clickでsource/定義への移動を維持,"After six connector cases and reset, first double-click transform selected body line20 (9 chars), next double-click selected frontmatter line14 (9 chars); no source mutation.",,vscode/screenshots/doubleclick-body.png; vscode/screenshots/doubleclick-definition.png
I1282-009,1282,cli,対象外,,既存node double-clickでsource/定義への移動を維持,,,
I1282-010,1282,native,成功,fixtures/actions.pfdsl,同じ初期文書・同じIDのUI生成定義をCLIと比較（artifact/process両種）,CLI担当がactionsのoutput/buildおよび共通richLFのgenerated/transform、計4組をdecoded native UI sourceとCLI出力で一致確認。,,native/artifact-after.pfdsl; native/process-after.pfdsl; native/rich-artifact.json; native/rich-process.json; cli/native-parity.json
I1282-010,1282,vscode,成功,fixtures/original/definition-rich-lf.pfdsl,同じ初期文書・同じIDのUI生成定義をCLIと比較（artifact/process両種）,"Actual right-click → Node actions created generated as artifact and transform as process independently from LF and CRLF baselines. Label value (9 characters) selected; single Ctrl+Z restores original bytes, Ctrl+Y restores captured output. All four outputs byte-match CLI; minimal compile keyboard case also matches.",,vscode/screenshots/def-lf-artifact-after.png; vscode/screenshots/def-lf-process-after.png; vscode/screenshots/def-crlf-artifact-after.png; vscode/screenshots/def-crlf-process-after.png; vscode/edit-verification.json; cli/vscode-parity.json
I1282-010,1282,cli,対象外,,同じ初期文書・同じIDのUI生成定義をCLIと比較（artifact/process両種）,,,
I1282-011,1282,native,対象外,,このcheckoutでbuildした node packages/cli/dist/cli.js meta create --help を実行,,,
I1282-011,1282,vscode,対象外,,このcheckoutでbuildした node packages/cli/dist/cli.js meta create --help を実行,,,
I1282-011,1282,cli,成功,"{""operations"": [""help"", ""help-example-space"", ""help-example-initial"", ""help-example-status""], ""details"": ""CLIの各operation.jsonにcwd/argv/入力fileとbefore snapshotを保存""}",このcheckoutでbuildした node packages/cli/dist/cli.js meta create --help を実行,Direct built CLI operations matched the recorded expected outputs and hash constraints.,,cli/operations/help/operation.json; cli/operations/help-example-space/operation.json; cli/operations/help-example-initial/operation.json; cli/operations/help-example-status/operation.json
I1282-012,1282,native,対象外,,対象HEAD CLI README のpreview/write例を正確に実行,,,
I1282-012,1282,vscode,対象外,,対象HEAD CLI README のpreview/write例を正確に実行,,,
I1282-012,1282,cli,成功,"{""operations"": [""readme-preview"", ""readme-write""], ""details"": ""CLIの各operation.jsonにcwd/argv/入力fileとbefore snapshotを保存""}",対象HEAD CLI README のpreview/write例を正確に実行,"Both README example argument sequences executed with only the illustrative plan.pfdsl replaced by an isolated absolute fixture path; preview SHA unchanged, write adds meaningful criteria/status definition.",,cli/operations/readme-preview/operation.json; cli/operations/readme-write/operation.json
I1282-013,1282,native,対象外,,同じ初期文書・同じIDでUIとCLI生成定義を比較（artifact/process両種）,,,
I1282-013,1282,vscode,対象外,,同じ初期文書・同じIDでUIとCLI生成定義を比較（artifact/process両種）,,,
I1282-013,1282,cli,成功,"{""operations"": [""parity-definition-rich-lf-transform"", ""parity-definition-rich-lf-generated"", ""parity-definition-rich-crlf-transform"", ""parity-definition-rich-crlf-generated"", ""parity-definition-minimal-compile"", ""parity-native-actions-build"", ""parity-native-actions-output""], ""details"": ""CLIの各operation.jsonにcwd/argv/入力fileとbefore snapshotを保存""}",同じ初期文書・同じIDでUIとCLI生成定義を比較（artifact/process両種）,"Both hosts artifact/process generation from identical baselines match independent CLI outputs. VS Code rich LF/CRLF saved output is byte-identical (4 pairs); native actions/rich LF captured text matches (4 pairs, capture-method limitation recorded). Inline-comment relocation remains a separate preservation failure.",,cli/operations/parity-definition-rich-lf-transform/operation.json; cli/operations/parity-definition-rich-lf-generated/operation.json; cli/operations/parity-definition-rich-crlf-transform/operation.json; cli/operations/parity-definition-rich-crlf-generated/operation.json; cli/operations/parity-definition-minimal-compile/operation.json; cli/operations/parity-native-actions-build/operation.json; cli/operations/parity-native-actions-output/operation.json; cli/native-parity.json; cli/vscode-parity.json
I1282-014,1282,native,対象外,,デフォルトpreviewは完全出力を表示し無書込み・前後SHA256一致,,,
I1282-014,1282,vscode,対象外,,デフォルトpreviewは完全出力を表示し無書込み・前後SHA256一致,,,
I1282-014,1282,cli,成功,"{""operations"": [""process-preview-text"", ""process-preview-json"", ""artifact-preview-text"", ""artifact-preview-json"", ""readme-preview""], ""details"": ""CLIの各operation.jsonにcwd/argv/入力fileとbefore snapshotを保存""}",デフォルトpreviewは完全出力を表示し無書込み・前後SHA256一致,Direct built CLI operations matched the recorded expected outputs and hash constraints.,,cli/operations/process-preview-text/operation.json; cli/operations/process-preview-json/operation.json; cli/operations/artifact-preview-text/operation.json; cli/operations/artifact-preview-json/operation.json; cli/operations/readme-preview/operation.json
I1282-015,1282,native,対象外,,--writeは期待した定義だけ追加しbody/YAMLコメント/引用/改行/無関係定義を保持,,,
I1282-015,1282,vscode,対象外,,--writeは期待した定義だけ追加しbody/YAMLコメント/引用/改行/無関係定義を保持,,,
I1282-015,1282,cli,失敗,"{""operations"": [""process-write-text"", ""process-write-json"", ""artifact-write-text"", ""artifact-write-json"", ""readme-write"", ""parity-definition-rich-lf-transform"", ""parity-definition-rich-lf-generated"", ""parity-definition-rich-crlf-transform"", ""parity-definition-rich-crlf-generated"", ""parity-definition-minimal-compile"", ""parity-native-actions-build"", ""parity-native-actions-output""], ""details"": ""CLIの各operation.jsonにcwd/argv/入力fileとbefore snapshotを保存""}",--writeは期待した定義だけ追加しbody/YAMLコメント/引用/改行/無関係定義を保持,"New definitions, body, quoted values, LF/CRLF and comment text are retained, but an unrelated mapping-key inline comment is moved to a new indented line. This fails the strict only-expected-change condition.",,cli/operations/process-write-text/operation.json; cli/operations/process-write-json/operation.json; cli/operations/artifact-write-text/operation.json; cli/operations/artifact-write-json/operation.json; cli/operations/readme-write/operation.json; cli/operations/parity-definition-rich-lf-transform/operation.json; cli/operations/parity-definition-rich-lf-generated/operation.json; cli/operations/parity-definition-rich-crlf-transform/operation.json; cli/operations/parity-definition-rich-crlf-generated/operation.json; cli/operations/parity-definition-minimal-compile/operation.json; cli/operations/parity-native-actions-build/operation.json; cli/operations/parity-native-actions-output/operation.json; cli/evidence-validation.json; cli/operations/comment-relocation-minimal/operation.json
I1282-016,1282,native,対象外,,artifact 成功: kind・作成位置・出力内容,,,
I1282-016,1282,vscode,対象外,,artifact 成功: kind・作成位置・出力内容,,,
I1282-016,1282,cli,成功,"{""operations"": [""artifact-preview-text"", ""artifact-preview-json"", ""artifact-write-text"", ""artifact-write-json"", ""parity-definition-rich-lf-generated"", ""parity-definition-rich-crlf-generated""], ""details"": ""CLIの各operation.jsonにcwd/argv/入力fileとbefore snapshotを保存""}",artifact 成功: kind・作成位置・出力内容,Direct built CLI operations matched the recorded expected outputs and hash constraints.,,cli/operations/artifact-preview-text/operation.json; cli/operations/artifact-preview-json/operation.json; cli/operations/artifact-write-text/operation.json; cli/operations/artifact-write-json/operation.json; cli/operations/parity-definition-rich-lf-generated/operation.json; cli/operations/parity-definition-rich-crlf-generated/operation.json
I1282-017,1282,native,対象外,,process 成功: kind・作成位置・出力内容,,,
I1282-017,1282,vscode,対象外,,process 成功: kind・作成位置・出力内容,,,
I1282-017,1282,cli,成功,"{""operations"": [""process-preview-text"", ""process-preview-json"", ""process-write-text"", ""process-write-json"", ""id-space"", ""id-quotes"", ""id-comma"", ""parity-definition-rich-lf-transform"", ""parity-definition-rich-crlf-transform"", ""parity-definition-minimal-compile""], ""details"": ""CLIの各operation.jsonにcwd/argv/入力fileとbefore snapshotを保存""}",process 成功: kind・作成位置・出力内容,Direct built CLI operations matched the recorded expected outputs and hash constraints.,,cli/operations/process-preview-text/operation.json; cli/operations/process-preview-json/operation.json; cli/operations/process-write-text/operation.json; cli/operations/process-write-json/operation.json; cli/operations/id-space/operation.json; cli/operations/id-quotes/operation.json; cli/operations/id-comma/operation.json; cli/operations/parity-definition-rich-lf-transform/operation.json; cli/operations/parity-definition-rich-crlf-transform/operation.json; cli/operations/parity-definition-minimal-compile/operation.json
I1282-018,1282,native,対象外,,既存定義を拒否し固有診断・exit・前後SHA256一致,,,
I1282-018,1282,vscode,対象外,,既存定義を拒否し固有診断・exit・前後SHA256一致,,,
I1282-018,1282,cli,成功,"{""operations"": [""refuse-existing-False-False"", ""refuse-existing-False-True"", ""refuse-existing-True-False"", ""refuse-existing-True-True""], ""details"": ""CLIの各operation.jsonにcwd/argv/入力fileとbefore snapshotを保存""}",既存定義を拒否し固有診断・exit・前後SHA256一致,Direct built CLI operations matched the recorded expected outputs and hash constraints.,,cli/operations/refuse-existing-False-False/operation.json; cli/operations/refuse-existing-False-True/operation.json; cli/operations/refuse-existing-True-False/operation.json; cli/operations/refuse-existing-True-True/operation.json
I1282-019,1282,native,対象外,,不明IDを拒否し固有診断・exit・前後SHA256一致,,,
I1282-019,1282,vscode,対象外,,不明IDを拒否し固有診断・exit・前後SHA256一致,,,
I1282-019,1282,cli,成功,"{""operations"": [""refuse-unknown-False-False"", ""refuse-unknown-False-True"", ""refuse-unknown-True-False"", ""refuse-unknown-True-True""], ""details"": ""CLIの各operation.jsonにcwd/argv/入力fileとbefore snapshotを保存""}",不明IDを拒否し固有診断・exit・前後SHA256一致,Direct built CLI operations matched the recorded expected outputs and hash constraints.,,cli/operations/refuse-unknown-False-False/operation.json; cli/operations/refuse-unknown-False-True/operation.json; cli/operations/refuse-unknown-True-False/operation.json; cli/operations/refuse-unknown-True-True/operation.json
I1282-020,1282,native,対象外,,曖昧な種別を拒否し固有診断・exit・前後SHA256一致,,,
I1282-020,1282,vscode,対象外,,曖昧な種別を拒否し固有診断・exit・前後SHA256一致,,,
I1282-020,1282,cli,成功,"{""operations"": [""refuse-ambiguous-False-False"", ""refuse-ambiguous-False-True"", ""refuse-ambiguous-True-False"", ""refuse-ambiguous-True-True""], ""details"": ""CLIの各operation.jsonにcwd/argv/入力fileとbefore snapshotを保存""}",曖昧な種別を拒否し固有診断・exit・前後SHA256一致,Direct built CLI operations matched the recorded expected outputs and hash constraints.,,cli/operations/refuse-ambiguous-False-False/operation.json; cli/operations/refuse-ambiguous-False-True/operation.json; cli/operations/refuse-ambiguous-True-False/operation.json; cli/operations/refuse-ambiguous-True-True/operation.json
I1282-021,1282,native,対象外,,不正frontmatterを拒否し固有診断・exit・前後SHA256一致,,,
I1282-021,1282,vscode,対象外,,不正frontmatterを拒否し固有診断・exit・前後SHA256一致,,,
I1282-021,1282,cli,成功,"{""operations"": [""refuse-malformed-False-False"", ""refuse-malformed-False-True"", ""refuse-malformed-True-False"", ""refuse-malformed-True-True"", ""refuse-unclosed-False-False"", ""refuse-unclosed-False-True"", ""refuse-unclosed-True-False"", ""refuse-unclosed-True-True""], ""details"": ""CLIの各operation.jsonにcwd/argv/入力fileとbefore snapshotを保存""}",不正frontmatterを拒否し固有診断・exit・前後SHA256一致,Direct built CLI operations matched the recorded expected outputs and hash constraints.,,cli/operations/refuse-malformed-False-False/operation.json; cli/operations/refuse-malformed-False-True/operation.json; cli/operations/refuse-malformed-True-False/operation.json; cli/operations/refuse-malformed-True-True/operation.json; cli/operations/refuse-unclosed-False-False/operation.json; cli/operations/refuse-unclosed-False-True/operation.json; cli/operations/refuse-unclosed-True-False/operation.json; cli/operations/refuse-unclosed-True-True/operation.json
I1282-022,1282,native,対象外,,初期scalar fieldを指定し値・型・保持を確認,,,
I1282-022,1282,vscode,対象外,,初期scalar fieldを指定し値・型・保持を確認,,,
I1282-022,1282,cli,成功,"{""operations"": [""fields-duplicate"", ""fields-bad-assignment"", ""fields-valid"", ""fields-readback""], ""details"": ""CLIの各operation.jsonにcwd/argv/入力fileとbefore snapshotを保存""}",初期scalar fieldを指定し値・型・保持を確認,meta get readback confirms label/location/updated_at exact strings and index=7 as JSON number.,,cli/operations/fields-duplicate/operation.json; cli/operations/fields-bad-assignment/operation.json; cli/operations/fields-valid/operation.json; cli/operations/fields-readback/operation.json
I1282-023,1282,native,対象外,,process location と updated_at の初期指定成功,,,
I1282-023,1282,vscode,対象外,,process location と updated_at の初期指定成功,,,
I1282-023,1282,cli,成功,"{""operations"": [""fields-valid"", ""fields-readback"", ""help-example-initial""], ""details"": ""CLIの各operation.jsonにcwd/argv/入力fileとbefore snapshotを保存""}",process location と updated_at の初期指定成功,meta get readback confirms label/location/updated_at exact strings and index=7 as JSON number.,,cli/operations/fields-valid/operation.json; cli/operations/fields-readback/operation.json; cli/operations/help-example-initial/operation.json
I1282-024,1282,native,対象外,,既知fieldの適用条件（artifact status/criteria・processなど）を正しく検証,,,
I1282-024,1282,vscode,対象外,,既知fieldの適用条件（artifact status/criteria・processなど）を正しく検証,,,
I1282-024,1282,cli,成功,"{""operations"": [""fields-process-status"", ""fields-tags-array"", ""fields-derived"", ""readme-preview"", ""readme-write"", ""help-example-status"", ""roadmap-no-status"", ""workflow-status"", ""process-criteria-refusal""], ""details"": ""CLIの各operation.jsonにcwd/argv/入力fileとbefore snapshotを保存""}",既知fieldの適用条件（artifact status/criteria・processなど）を正しく検証,Direct built CLI operations matched the recorded expected outputs and hash constraints.,,cli/operations/fields-process-status/operation.json; cli/operations/fields-tags-array/operation.json; cli/operations/fields-derived/operation.json; cli/operations/readme-preview/operation.json; cli/operations/readme-write/operation.json; cli/operations/help-example-status/operation.json; cli/operations/roadmap-no-status/operation.json; cli/operations/workflow-status/operation.json; cli/operations/process-criteria-refusal/operation.json
I1282-025,1282,native,対象外,,未知fieldは通常拒否し前後SHA256一致,,,
I1282-025,1282,vscode,対象外,,未知fieldは通常拒否し前後SHA256一致,,,
I1282-025,1282,cli,成功,"{""operations"": [""fields-unknown""], ""details"": ""CLIの各operation.jsonにcwd/argv/入力fileとbefore snapshotを保存""}",未知fieldは通常拒否し前後SHA256一致,Direct built CLI operations matched the recorded expected outputs and hash constraints.,,cli/operations/fields-unknown/operation.json
I1282-026,1282,native,対象外,,--allow-unknownで未知scalarを許可,,,
I1282-026,1282,vscode,対象外,,--allow-unknownで未知scalarを許可,,,
I1282-026,1282,cli,成功,"{""operations"": [""fields-valid"", ""fields-readback""], ""details"": ""CLIの各operation.jsonにcwd/argv/入力fileとbefore snapshotを保存""}",--allow-unknownで未知scalarを許可,meta get readback confirms label/location/updated_at exact strings and index=7 as JSON number.,,cli/operations/fields-valid/operation.json; cli/operations/fields-readback/operation.json
I1282-027,1282,native,対象外,,--allow-unknownでも既知fieldの不正値を拒否し前後SHA256一致,,,
I1282-027,1282,vscode,対象外,,--allow-unknownでも既知fieldの不正値を拒否し前後SHA256一致,,,
I1282-027,1282,cli,成功,"{""operations"": [""fields-process-status"", ""fields-invalid-status"", ""fields-negative-index"", ""fields-tags-array"", ""fields-derived"", ""workflow-status"", ""process-criteria-refusal""], ""details"": ""CLIの各operation.jsonにcwd/argv/入力fileとbefore snapshotを保存""}",--allow-unknownでも既知fieldの不正値を拒否し前後SHA256一致,Direct built CLI operations matched the recorded expected outputs and hash constraints.,,cli/operations/fields-process-status/operation.json; cli/operations/fields-invalid-status/operation.json; cli/operations/fields-negative-index/operation.json; cli/operations/fields-tags-array/operation.json; cli/operations/fields-derived/operation.json; cli/operations/workflow-status/operation.json; cli/operations/process-criteria-refusal/operation.json
I1282-028,1282,native,対象外,,生成後sourceにerror診断がある場合、--writeでも書込まず前後SHA256一致,,,
I1282-028,1282,vscode,対象外,,生成後sourceにerror診断がある場合、--writeでも書込まず前後SHA256一致,,,
I1282-028,1282,cli,成功,"{""operations"": [""refuse-result-error-False-False"", ""refuse-result-error-False-True"", ""refuse-result-error-True-False"", ""refuse-result-error-True-True"", ""roadmap-no-status""], ""details"": ""CLIの各operation.jsonにcwd/argv/入力fileとbefore snapshotを保存""}",生成後sourceにerror診断がある場合、--writeでも書込まず前後SHA256一致,Direct built CLI operations matched the recorded expected outputs and hash constraints.,,cli/operations/refuse-result-error-False-False/operation.json; cli/operations/refuse-result-error-False-True/operation.json; cli/operations/refuse-result-error-True-False/operation.json; cli/operations/refuse-result-error-True-True/operation.json; cli/operations/roadmap-no-status/operation.json
I1282-029,1282,native,対象外,,bodyだけのIDへのmeta setがmeta createの実行可能な導線を案内,,,
I1282-029,1282,vscode,対象外,,bodyだけのIDへのmeta setがmeta createの実行可能な導線を案内,,,
I1282-029,1282,cli,成功,"{""operations"": [""guidance"", ""guidance-follow""], ""details"": ""CLIの各operation.jsonにcwd/argv/入力fileとbefore snapshotを保存""}",bodyだけのIDへのmeta setがmeta createの実行可能な導線を案内,Direct built CLI operations matched the recorded expected outputs and hash constraints.,,cli/operations/guidance/operation.json; cli/operations/guidance-follow/operation.json
I1282-030,1282,native,対象外,,空白を含むsemantic IDをhelp/READMEに従い処理,,,
I1282-030,1282,vscode,対象外,,空白を含むsemantic IDをhelp/READMEに従い処理,,,
I1282-030,1282,cli,成功,"{""operations"": [""help-example-space"", ""id-space-dsl-wrapper"", ""id-space""], ""details"": ""CLIの各operation.jsonにcwd/argv/入力fileとbefore snapshotを保存""}",空白を含むsemantic IDをhelp/READMEに従い処理,Raw semantic ID succeeds and readback label is identical; passing the source DSL quote wrapper is rejected. Matches help and spec §4.1/4.2.,,cli/operations/help-example-space/operation.json; cli/operations/id-space-dsl-wrapper/operation.json; cli/operations/id-space/operation.json; cli/supplementary-results.json
I1282-031,1282,native,対象外,,literal引用符を含むsemantic IDをhelp/READMEに従い処理（DSL quoteと区別）,,,
I1282-031,1282,vscode,対象外,,literal引用符を含むsemantic IDをhelp/READMEに従い処理（DSL quoteと区別）,,,
I1282-031,1282,cli,成功,"{""operations"": [""id-quotes-dsl-wrapper"", ""id-quotes""], ""details"": ""CLIの各operation.jsonにcwd/argv/入力fileとbefore snapshotを保存""}",literal引用符を含むsemantic IDをhelp/READMEに従い処理（DSL quoteと区別）,Raw semantic ID succeeds and readback label is identical; passing the source DSL quote wrapper is rejected. Matches help and spec §4.1/4.2.,,cli/operations/id-quotes-dsl-wrapper/operation.json; cli/operations/id-quotes/operation.json; cli/supplementary-results.json
I1282-032,1282,native,対象外,,カンマを含むsemantic IDを単一IDとして扱う（meta setのID listと区別）,,,
I1282-032,1282,vscode,対象外,,カンマを含むsemantic IDを単一IDとして扱う（meta setのID listと区別）,,,
I1282-032,1282,cli,成功,"{""operations"": [""id-comma-dsl-wrapper"", ""id-comma""], ""details"": ""CLIの各operation.jsonにcwd/argv/入力fileとbefore snapshotを保存""}",カンマを含むsemantic IDを単一IDとして扱う（meta setのID listと区別）,Raw semantic ID succeeds and readback label is identical; passing the source DSL quote wrapper is rejected. Matches help and spec §4.1/4.2.,,cli/operations/id-comma-dsl-wrapper/operation.json; cli/operations/id-comma/operation.json; cli/supplementary-results.json
I1282-033,1282,native,対象外,,--json の created/written/kind/line/preview complete output が実結果と一致,,,
I1282-033,1282,vscode,対象外,,--json の created/written/kind/line/preview complete output が実結果と一致,,,
I1282-033,1282,cli,成功,"{""operations"": [""process-preview-text"", ""process-preview-json"", ""process-write-text"", ""process-write-json"", ""artifact-preview-text"", ""artifact-preview-json"", ""artifact-write-text"", ""artifact-write-json"", ""id-space"", ""id-quotes"", ""id-comma"", ""parity-definition-rich-lf-transform"", ""parity-definition-rich-lf-generated"", ""parity-definition-rich-crlf-transform"", ""parity-definition-rich-crlf-generated"", ""parity-definition-minimal-compile""], ""details"": ""CLIの各operation.jsonにcwd/argv/入力fileとbefore snapshotを保存""}",--json の created/written/kind/line/preview complete output が実結果と一致,Direct built CLI operations matched the recorded expected outputs and hash constraints.,,cli/operations/process-preview-text/operation.json; cli/operations/process-preview-json/operation.json; cli/operations/process-write-text/operation.json; cli/operations/process-write-json/operation.json; cli/operations/artifact-preview-text/operation.json; cli/operations/artifact-preview-json/operation.json; cli/operations/artifact-write-text/operation.json; cli/operations/artifact-write-json/operation.json; cli/operations/id-space/operation.json; cli/operations/id-quotes/operation.json; cli/operations/id-comma/operation.json; cli/operations/parity-definition-rich-lf-transform/operation.json; cli/operations/parity-definition-rich-lf-generated/operation.json; cli/operations/parity-definition-rich-crlf-transform/operation.json; cli/operations/parity-definition-rich-crlf-generated/operation.json; cli/operations/parity-definition-minimal-compile/operation.json
I1282-034,1282,native,対象外,,各拒否ケースと生成結果errorのstdout/stderr/exit/前後hashを保存,,,
I1282-034,1282,vscode,対象外,,各拒否ケースと生成結果errorのstdout/stderr/exit/前後hashを保存,,,
I1282-034,1282,cli,成功,"{""operations"": [""refuse-existing-False-False"", ""refuse-existing-False-True"", ""refuse-existing-True-False"", ""refuse-existing-True-True"", ""refuse-unknown-False-False"", ""refuse-unknown-False-True"", ""refuse-unknown-True-False"", ""refuse-unknown-True-True"", ""refuse-ambiguous-False-False"", ""refuse-ambiguous-False-True"", ""refuse-ambiguous-True-False"", ""refuse-ambiguous-True-True"", ""refuse-malformed-False-False"", ""refuse-malformed-False-True"", ""refuse-malformed-True-False"", ""refuse-malformed-True-True"", ""refuse-unclosed-False-False"", ""refuse-unclosed-False-True"", ""refuse-unclosed-True-False"", ""refuse-unclosed-True-True"", ""refuse-result-error-False-False"", ""refuse-result-error-False-True"", ""refuse-result-error-True-False"", ""refuse-result-error-True-True"", ""fields-unknown"", ""fields-process-status"", ""fields-invalid-status"", ""fields-negative-index"", ""fields-tags-array"", ""fields-derived"", ""fields-duplicate"", ""fields-bad-assignment"", ""roadmap-no-status"", ""workflow-status"", ""id-space-dsl-wrapper"", ""id-quotes-dsl-wrapper"", ""id-comma-dsl-wrapper"", ""guidance"", ""process-criteria-refusal""], ""details"": ""CLIの各operation.jsonにcwd/argv/入力fileとbefore snapshotを保存""}",各拒否ケースと生成結果errorのstdout/stderr/exit/前後hashを保存,Direct built CLI operations matched the recorded expected outputs and hash constraints.,,cli/operations/refuse-existing-False-False/operation.json; cli/operations/refuse-existing-False-True/operation.json; cli/operations/refuse-existing-True-False/operation.json; cli/operations/refuse-existing-True-True/operation.json; cli/operations/refuse-unknown-False-False/operation.json; cli/operations/refuse-unknown-False-True/operation.json; cli/operations/refuse-unknown-True-False/operation.json; cli/operations/refuse-unknown-True-True/operation.json; cli/operations/refuse-ambiguous-False-False/operation.json; cli/operations/refuse-ambiguous-False-True/operation.json; cli/operations/refuse-ambiguous-True-False/operation.json; cli/operations/refuse-ambiguous-True-True/operation.json; cli/operations/refuse-malformed-False-False/operation.json; cli/operations/refuse-malformed-False-True/operation.json; cli/operations/refuse-malformed-True-False/operation.json; cli/operations/refuse-malformed-True-True/operation.json; cli/operations/refuse-unclosed-False-False/operation.json; cli/operations/refuse-unclosed-False-True/operation.json; cli/operations/refuse-unclosed-True-False/operation.json; cli/operations/refuse-unclosed-True-True/operation.json; cli/operations/refuse-result-error-False-False/operation.json; cli/operations/refuse-result-error-False-True/operation.json; cli/operations/refuse-result-error-True-False/operation.json; cli/operations/refuse-result-error-True-True/operation.json; cli/operations/fields-unknown/operation.json; cli/operations/fields-process-status/operation.json; cli/operations/fields-invalid-status/operation.json; cli/operations/fields-negative-index/operation.json; cli/operations/fields-tags-array/operation.json; cli/operations/fields-derived/operation.json; cli/operations/fields-duplicate/operation.json; cli/operations/fields-bad-assignment/operation.json; cli/operations/roadmap-no-status/operation.json; cli/operations/workflow-status/operation.json; cli/operations/id-space-dsl-wrapper/operation.json; cli/operations/id-quotes-dsl-wrapper/operation.json; cli/operations/id-comma-dsl-wrapper/operation.json; cli/operations/guidance/operation.json; cli/operations/process-criteria-refusal/operation.json
I1283-001,1283,native,対象外,,Ctrl+K Ctrl+Alt+N chordで巡回を反復実行,,,
I1283-001,1283,vscode,成功,vscode/input/cycle-valid.pfdsl,Ctrl+K Ctrl+Alt+N chordで巡回を反復実行,"Ctrl+K Ctrl+Alt+N from quoted status key visits line15 col8, line15 col16, line16 col7, line18 col7, then quoted definition line4 col11. All IDs visibly selected (body6 chars, quoted key8), both same-line occurrences included.",,vscode/screenshots/cycle-1.png; vscode/screenshots/cycle-2.png; vscode/screenshots/cycle-3.png; vscode/screenshots/cycle-4.png; vscode/screenshots/cycle-5.png
I1283-001,1283,cli,対象外,,Ctrl+K Ctrl+Alt+N chordで巡回を反復実行,,,
I1283-002,1283,native,対象外,,editor context menu の Cycle Node Occurrencesで巡回実行,,,
I1283-002,1283,vscode,成功,vscode/input/cycle-valid.pfdsl,editor context menu の Cycle Node Occurrencesで巡回実行,Right-click second status on line15 → Cycle Node Occurrences selects next status on line16; menu uses clicked occurrence rather than earlier selection.,,vscode/screenshots/cycle-context-menu.png; vscode/screenshots/cycle-context-result.png
I1283-002,1283,cli,対象外,,editor context menu の Cycle Node Occurrencesで巡回実行,,,
I1283-003,1283,native,対象外,,定義キー→全本文出現を文書順→定義へ戻る,,,
I1283-003,1283,vscode,成功,vscode/input/cycle-valid.pfdsl,定義キー→全本文出現を文書順→定義へ戻る,"Ctrl+K Ctrl+Alt+N from quoted status key visits line15 col8, line15 col16, line16 col7, line18 col7, then quoted definition line4 col11. All IDs visibly selected (body6 chars, quoted key8), both same-line occurrences included.",,vscode/screenshots/cycle-1.png; vscode/screenshots/cycle-2.png; vscode/screenshots/cycle-3.png; vscode/screenshots/cycle-4.png; vscode/screenshots/cycle-5.png
I1283-003,1283,cli,対象外,,定義キー→全本文出現を文書順→定義へ戻る,,,
I1283-004,1283,native,対象外,,途中の本文出現から開始して次へ進む,,,
I1283-004,1283,vscode,成功,vscode/input/cycle-valid.pfdsl,途中の本文出現から開始して次へ進む,Right-click second status on line15 → Cycle Node Occurrences selects next status on line16; menu uses clicked occurrence rather than earlier selection.,,vscode/screenshots/cycle-context-menu.png; vscode/screenshots/cycle-context-result.png
I1283-004,1283,cli,対象外,,途中の本文出現から開始して次へ進む,,,
I1283-005,1283,native,対象外,,同一行に同IDが反復しても全出現を順に巡回,,,
I1283-005,1283,vscode,成功,vscode/input/cycle-valid.pfdsl,同一行に同IDが反復しても全出現を順に巡回,"Ctrl+K Ctrl+Alt+N from quoted status key visits line15 col8, line15 col16, line16 col7, line18 col7, then quoted definition line4 col11. All IDs visibly selected (body6 chars, quoted key8), both same-line occurrences included.",,vscode/screenshots/cycle-1.png; vscode/screenshots/cycle-2.png; vscode/screenshots/cycle-3.png; vscode/screenshots/cycle-4.png; vscode/screenshots/cycle-5.png
I1283-005,1283,cli,対象外,,同一行に同IDが反復しても全出現を順に巡回,,,
I1283-006,1283,native,対象外,,移動したIDを選択しeditor viewportに表示,,,
I1283-006,1283,vscode,成功,vscode/input/cycle-valid.pfdsl,移動したIDを選択しeditor viewportに表示,"Ctrl+K Ctrl+Alt+N from quoted status key visits line15 col8, line15 col16, line16 col7, line18 col7, then quoted definition line4 col11. All IDs visibly selected (body6 chars, quoted key8), both same-line occurrences included.",,vscode/screenshots/cycle-1.png; vscode/screenshots/cycle-2.png; vscode/screenshots/cycle-3.png; vscode/screenshots/cycle-4.png; vscode/screenshots/cycle-5.png
I1283-006,1283,cli,対象外,,移動したIDを選択しeditor viewportに表示,,,
I1283-007,1283,native,対象外,,quoted YAML keyから正しい巡回順,,,
I1283-007,1283,vscode,成功,vscode/input/cycle-valid.pfdsl,quoted YAML keyから正しい巡回順,"Ctrl+K Ctrl+Alt+N from quoted status key visits line15 col8, line15 col16, line16 col7, line18 col7, then quoted definition line4 col11. All IDs visibly selected (body6 chars, quoted key8), both same-line occurrences included.",,vscode/screenshots/cycle-1.png; vscode/screenshots/cycle-2.png; vscode/screenshots/cycle-3.png; vscode/screenshots/cycle-4.png; vscode/screenshots/cycle-5.png
I1283-007,1283,cli,対象外,,quoted YAML keyから正しい巡回順,,,
I1283-008,1283,native,対象外,,status等のfield名と重なるnode IDを正しく巡回,,,
I1283-008,1283,vscode,成功,vscode/input/cycle-valid.pfdsl,status等のfield名と重なるnode IDを正しく巡回,"Ctrl+K Ctrl+Alt+N from quoted status key visits line15 col8, line15 col16, line16 col7, line18 col7, then quoted definition line4 col11. All IDs visibly selected (body6 chars, quoted key8), both same-line occurrences included.",,vscode/screenshots/cycle-1.png; vscode/screenshots/cycle-2.png; vscode/screenshots/cycle-3.png; vscode/screenshots/cycle-4.png; vscode/screenshots/cycle-5.png
I1283-008,1283,cli,対象外,,status等のfield名と重なるnode IDを正しく巡回,,,
I1283-009,1283,native,対象外,,別ノードの同名metadata field上では誤移動しない（カーソル/クリック位置を使用）,,,
I1283-009,1283,vscode,成功,vscode/input/cycle-valid.pfdsl,別ノードの同名metadata field上では誤移動しない（カーソル/クリック位置を使用）,Direct/cycle invoked from another node’s status metadata field (line8) leave cursor there without erroneous jump. status node itself still cycles correctly.,,vscode/screenshots/cycle-same-field.png
I1283-009,1283,cli,対象外,,別ノードの同名metadata field上では誤移動しない（カーソル/クリック位置を使用）,,,
I1283-010,1283,native,対象外,,定義なしではbody occurrencesだけを巡回,,,
I1283-010,1283,vscode,成功,vscode/input/cycle-valid.pfdsl,定義なしではbody occurrencesだけを巡回,"Undefined bare_node cycles only body lines19 and20, selecting9 chars.",,vscode/screenshots/cycle-no-def-1.png; vscode/screenshots/cycle-no-def-2.png
I1283-010,1283,cli,対象外,,定義なしではbody occurrencesだけを巡回,,,
I1283-011,1283,native,対象外,,本文出現なしでは定義に留まる,,,
I1283-011,1283,vscode,成功,vscode/input/cycle-valid.pfdsl,本文出現なしでは定義に留まる,only_definition has no body usage; cycle remains at selected definition line9 (15 chars).,,vscode/screenshots/cycle-no-body.png
I1283-011,1283,cli,対象外,,本文出現なしでは定義に留まる,,,
I1283-012,1283,native,対象外,,alias-onlyまたは複数IDが重なる曖昧definition rangeではbody occurrencesのみ使用,,,
I1283-012,1283,vscode,成功,vscode/input/cycle-alias.pfdsl,alias-onlyまたは複数IDが重なる曖昧definition rangeではbody occurrencesのみ使用,Alias artifact:*nodes shares definition range for a and b. Cycling a uses only body lines5/6; invoking cycle on ambiguous alias use itself does not move. No fabricated unique ID.,,vscode/screenshots/alias-body-1.png; vscode/screenshots/alias-body-2.png; vscode/screenshots/alias-ambiguous-noop.png
I1283-012,1283,cli,対象外,,alias-onlyまたは複数IDが重なる曖昧definition rangeではbody occurrencesのみ使用,,,
I1283-013,1283,native,対象外,,未保存編集で出現を増やした後、現在文書の全出現を巡回,,,
I1283-013,1283,vscode,成功,vscode/input/cycle-valid.pfdsl,未保存編集で出現を増やした後、現在文書の全出現を巡回,"Unsaved insertion of status, into line15 creates third same-line occurrence; D then N three times selects new third at col24. Dirty indicator visible while saved disk remained baseline.",,vscode/screenshots/cycle-unsaved-added.png; vscode/source-states/cycle-added.pfdsl
I1283-013,1283,cli,対象外,,未保存編集で出現を増やした後、現在文書の全出現を巡回,,,
I1283-014,1283,native,対象外,,未保存編集で出現を減らした後、削除位置へ移動しない,,,
I1283-014,1283,vscode,成功,vscode/input/cycle-valid.pfdsl,未保存編集で出現を減らした後、削除位置へ移動しない,"After saving added state, remove middle status occurrence without saving; D then N three times selects line16 rather than removed third location. Dirty indicator visible while disk still added-state. Saved removal restores baseline bytes.",,vscode/screenshots/cycle-unsaved-removed.png; vscode/source-states/cycle-removed.pfdsl
I1283-014,1283,cli,対象外,,未保存編集で出現を減らした後、削除位置へ移動しない,,,
I1283-015,1283,native,対象外,,Ctrl+K Ctrl+Alt+D で直接定義移動,,,
I1283-015,1283,vscode,成功,vscode/input/cycle-valid.pfdsl,Ctrl+K Ctrl+Alt+D で直接定義移動,"Ctrl+K Ctrl+Alt+D selects quoted status definition. Escaped YAML key b\u0075ild cycles to body build, direct chord selects full quoted escaped key (12chars), not metadata field.",,vscode/screenshots/direct-chord.png; vscode/screenshots/cycle-escaped-body.png; vscode/screenshots/cycle-escaped-direct.png
I1283-015,1283,cli,対象外,,Ctrl+K Ctrl+Alt+D で直接定義移動,,,
I1283-016,1283,native,対象外,,context menuで直接定義移動,,,
I1283-016,1283,vscode,成功,vscode/input/cycle-valid.pfdsl,context menuで直接定義移動,Editor context menu Go to Node Definition selects quoted status definition from body line18.,,vscode/screenshots/direct-context-menu.png; vscode/screenshots/direct-context-result.png
I1283-016,1283,cli,対象外,,context menuで直接定義移動,,,
I1283-017,1283,native,対象外,,alias sectionの直接定義移動は既存alias use site target契約を維持,,,
I1283-017,1283,vscode,成功,cycle-alias.pfdsl,alias sectionの直接定義移動は既存alias use site target契約を維持,"Direct definition for alias-only a selects artifact alias use *nodes on line3 (6chars), preserving existing contract.",,vscode/screenshots/alias-direct.png
I1283-017,1283,cli,対象外,,alias sectionの直接定義移動は既存alias use site target契約を維持,,,
I1283-018,1283,native,対象外,,拡張がAlt+F12を割り当てず既存Peek Definitionを奪わない,,,
I1283-018,1283,vscode,成功,vscode/input/cycle-valid.pfdsl,拡張がAlt+F12を割り当てず既存Peek Definitionを奪わない,"Keyboard Shortcuts UI finds no Alt+F12 binding. PFDSL bindings are only scoped N/D chords, while Linux system Peek Definition is Ctrl+Shift+F10. Manifest/README match. Actual built-in JS Peek behavior cannot be certified in Restricted Mode (see019); macOS not tested.",,vscode/screenshots/altf12-bindings.png; vscode/screenshots/pfdsl-bindings.png; vscode/screenshots/peek-binding.png
I1283-018,1283,cli,対象外,,拡張がAlt+F12を割り当てず既存Peek Definitionを奪わない,,,
I1283-019,1283,native,対象外,,隔離profile内のeditor.multiCursorModifier既定と切替でCtrl+ClickがVSCode既存定義移動/複数cursor設定と整合,,,
I1283-019,1283,vscode,未実施,gesture.pfdsl / peek-control.js,隔離profile内のeditor.multiCursorModifier既定と切替でCtrl+ClickがVSCode既存定義移動/複数cursor設定と整合,"PARTIAL: isolated default alt setting: Ctrl+Click actual location opens marker text, Alt+Click creates2 cursors. ctrlCmd setting: Ctrl+Click creates2 cursors including link position, Alt+Click opens actual file. Restored default alt via UI (settings{}). Built-in JavaScript definition/Peek control is unavailable: folder Restricted Mode, bundled TS extension declares untrustedWorkspaces unsupported. No trust/security change made; existing definition-service behavior therefore unverified.",,vscode/screenshots/multicursor-default-setting.png; vscode/screenshots/gesture-default-link.png; vscode/screenshots/gesture-default-cursors.png; vscode/screenshots/gesture-ctrl-cursors.png; vscode/screenshots/gesture-ctrl-link-cursors.png; vscode/screenshots/gesture-alt-link.png; vscode/screenshots/peek-control-ready.png; vscode/screenshots/peek-context.png; vscode/screenshots/multicursor-restored.png; vscode/settings-before.json; vscode/settings-ctrlcmd.json; vscode/settings-restored.json
I1283-019,1283,cli,対象外,,隔離profile内のeditor.multiCursorModifier既定と切替でCtrl+ClickがVSCode既存定義移動/複数cursor設定と整合,,,
I1283-020,1283,native,対象外,,chord採用理由・直接移動との関係をREADMEと照合（macOS shortcuts認定は対象外）,,,
I1283-020,1283,vscode,成功,vscode/input/cycle-valid.pfdsl,chord採用理由・直接移動との関係をREADMEと照合（macOS shortcuts認定は対象外）,"README and manifest give N for next occurrence and D for direct definition, scoped to focused PFDSL editor. Keyboard UI shows these exact chords. Linux verification only; macOS shortcut/IME not inferred.",,vscode/screenshots/pfdsl-bindings.png; vscode/screenshots/direct-chord.png
I1283-020,1283,cli,対象外,,chord採用理由・直接移動との関係をREADMEと照合（macOS shortcuts認定は対象外）,,,
I1284-001,1284,native,成功,fixtures/hover.pfdsl,hover内に中心と直接1-edge前後node・incident edgesのみの局所SVG（ID一覧ではない）,build中心のSVGにbuild/output/done/input/spareとincident4edgesを確認。,,native/hover-build-neighborhood.jpg
I1284-001,1284,vscode,成功,"vscode/input/hover-valid.pfdsl (8 nodes,7 edges; source/constraint→transform→result/report; result→review→final; report feedback→transform; lonely)",hover内に中心と直接1-edge前後node・incident edgesのみの局所SVG（ID一覧ではない）,"Transform hover shows local SVG of direct source/constraint inputs, result/report outputs and report→transform feedback. Horizontal scroll exposes full direct set; review/final (two+ edges) excluded. Main8-node graph remains unfiltered. Arrowheads and dashed feedback match main graph.",,vscode/screenshots/hover-transform-left.png; vscode/screenshots/hover-transform-right.png
I1284-001,1284,cli,対象外,,hover内に中心と直接1-edge前後node・incident edgesのみの局所SVG（ID一覧ではない）,,,
I1284-002,1284,native,成功,fixtures/hover.pfdsl,2-edge先を含めず主図全体を絞り込まない,review/islandは局所build図に混じらず、主図は全7nodesを維持。,,native/hover-build-neighborhood.jpg
I1284-002,1284,vscode,成功,"vscode/input/hover-valid.pfdsl (8 nodes,7 edges; source/constraint→transform→result/report; result→review→final; report feedback→transform; lonely)",2-edge先を含めず主図全体を絞り込まない,"Transform hover shows local SVG of direct source/constraint inputs, result/report outputs and report→transform feedback. Horizontal scroll exposes full direct set; review/final (two+ edges) excluded. Main8-node graph remains unfiltered. Arrowheads and dashed feedback match main graph.",,vscode/screenshots/hover-transform-left.png; vscode/screenshots/hover-transform-right.png
I1284-002,1284,cli,対象外,,2-edge先を含めず主図全体を絞り込まない,,,
I1284-003,1284,native,成功,fixtures/hover.pfdsl,局所SVGの入力/出力方向が元図と一致,input/spare→build、build→outputの矢印方向が一致。,,native/hover-build-neighborhood.jpg
I1284-003,1284,vscode,成功,"vscode/input/hover-valid.pfdsl (8 nodes,7 edges; source/constraint→transform→result/report; result→review→final; report feedback→transform; lonely)",局所SVGの入力/出力方向が元図と一致,"Transform hover shows local SVG of direct source/constraint inputs, result/report outputs and report→transform feedback. Horizontal scroll exposes full direct set; review/final (two+ edges) excluded. Main8-node graph remains unfiltered. Arrowheads and dashed feedback match main graph.",,vscode/screenshots/hover-transform-left.png; vscode/screenshots/hover-transform-right.png
I1284-003,1284,cli,対象外,,局所SVGの入力/出力方向が元図と一致,,,
I1284-004,1284,native,成功,fixtures/hover.pfdsl,複数接続の全直接隣接とedgesを保持,2input+1output+1feedback全直接隣接を確認。,,native/hover-build-neighborhood.jpg
I1284-004,1284,vscode,成功,"vscode/input/hover-valid.pfdsl (8 nodes,7 edges; source/constraint→transform→result/report; result→review→final; report feedback→transform; lonely)",複数接続の全直接隣接とedgesを保持,"Transform hover shows local SVG of direct source/constraint inputs, result/report outputs and report→transform feedback. Horizontal scroll exposes full direct set; review/final (two+ edges) excluded. Main8-node graph remains unfiltered. Arrowheads and dashed feedback match main graph.",,vscode/screenshots/hover-transform-left.png; vscode/screenshots/hover-transform-right.png
I1284-004,1284,cli,対象外,,複数接続の全直接隣接とedgesを保持,,,
I1284-005,1284,native,成功,fixtures/hover.pfdsl,feedback edgeの向き・種別を元図と一致,done→buildは破線feedback、元図と同方向。,,native/hover-build-neighborhood.jpg
I1284-005,1284,vscode,成功,"vscode/input/hover-valid.pfdsl (8 nodes,7 edges; source/constraint→transform→result/report; result→review→final; report feedback→transform; lonely)",feedback edgeの向き・種別を元図と一致,"Transform hover shows local SVG of direct source/constraint inputs, result/report outputs and report→transform feedback. Horizontal scroll exposes full direct set; review/final (two+ edges) excluded. Main8-node graph remains unfiltered. Arrowheads and dashed feedback match main graph.",,vscode/screenshots/hover-transform-left.png; vscode/screenshots/hover-transform-right.png
I1284-005,1284,cli,対象外,,feedback edgeの向き・種別を元図と一致,,,
I1284-006,1284,native,成功,fixtures/hover.pfdsl,孤立nodeでも中心を表示,孤立islandのhoverはisland単独SVG。,,native/hover-island.jpg
I1284-006,1284,vscode,成功,"vscode/input/hover-valid.pfdsl (8 nodes,7 edges; source/constraint→transform→result/report; result→review→final; report feedback→transform; lonely)",孤立nodeでも中心を表示,Hover lonely displays singleton local SVG despite no edges or frontmatter definition.,,vscode/screenshots/hover-isolated.png
I1284-006,1284,cli,対象外,,孤立nodeでも中心を表示,,,
I1284-007,1284,native,成功,fixtures/hover.pfdsl,frontmatter定義なしnodeでも局所図を表示,metadataなしdone/islandでも局所図表示。,,native/hover-right-edge.jpg; native/hover-island.jpg
I1284-007,1284,vscode,成功,"vscode/input/hover-valid.pfdsl (8 nodes,7 edges; source/constraint→transform→result/report; result→review→final; report feedback→transform; lonely)",frontmatter定義なしnodeでも局所図を表示,Undefined report hover renders report and transform with primary transform→report plus dashed feedback report→transform.,,vscode/screenshots/hover-undefined.png
I1284-007,1284,cli,対象外,,frontmatter定義なしnodeでも局所図を表示,,,
I1284-008,1284,native,成功,fixtures/hover.pfdsl,locationなしnodeでも局所図を表示し既存metadataを読める,locationなしinputでlabel/description/status doneと局所図を表示。,,native/hover-bottom-metadata.jpg
I1284-008,1284,vscode,成功,"vscode/input/hover-valid.pfdsl (8 nodes,7 edges; source/constraint→transform→result/report; result→review→final; report feedback→transform; lonely)",locationなしnodeでも局所図を表示し既存metadataを読める,"No locations present; Transform description, Source status/description, Result owner QA/status wip/criteria remain readable alongside local SVG.",,vscode/screenshots/hover-transform-left.png; vscode/screenshots/tab-a-hover.png; vscode/screenshots/hover-bottom-right.png
I1284-008,1284,cli,対象外,,locationなしnodeでも局所図を表示し既存metadataを読める,,,
I1284-009,1284,native,成功,fixtures/hover.pfdsl,nodeからhoverへpointerを移しても消えない,nodeからtooltip内へ実pointer移動後も図を保持。,,native/hover-build-neighborhood.jpg; native/hover-scrolled.jpg
I1284-009,1284,vscode,成功,"vscode/input/hover-valid.pfdsl (8 nodes,7 edges; source/constraint→transform→result/report; result→review→final; report feedback→transform; lonely)",nodeからhoverへpointerを移しても消えない,"Move desktop pointer from transform into tooltip: remains open. Internal horizontal scroll exposes right-side output/feedback nodes, main zoom stays66%.",,vscode/screenshots/hover-pointer-inside.png; vscode/screenshots/hover-transform-right.png
I1284-009,1284,cli,対象外,,nodeからhoverへpointerを移しても消えない,,,
I1284-010,1284,native,成功,fixtures/hover.pfdsl,hover内部をscrollできる,tooltip内部horizontal scrollで右側outputへ到達。,,native/hover-build-neighborhood.jpg; native/hover-scrolled.jpg
I1284-010,1284,vscode,成功,"vscode/input/hover-valid.pfdsl (8 nodes,7 edges; source/constraint→transform→result/report; result→review→final; report feedback→transform; lonely)",hover内部をscrollできる,"Move desktop pointer from transform into tooltip: remains open. Internal horizontal scroll exposes right-side output/feedback nodes, main zoom stays66%.",,vscode/screenshots/hover-pointer-inside.png; vscode/screenshots/hover-transform-right.png
I1284-010,1284,cli,対象外,,hover内部をscrollできる,,,
I1284-011,1284,native,成功,fixtures/hover.pfdsl,hover内nodeをclickでき主図が対象へ移動,局所outputクリックで主図がoutput中心へ移動。,,native/hover-scrolled.jpg; native/hover-follow-output.jpg
I1284-011,1284,vscode,成功,"vscode/input/hover-valid.pfdsl (8 nodes,7 edges; source/constraint→transform→result/report; result→review→final; report feedback→transform; lonely)",hover内nodeをclickでき主図が対象へ移動,Click Result in local SVG pans main graph to Result and shows Result metadata; later click transform in bottom-right tooltip pans main graph to Transform.,,vscode/screenshots/local-cue-immediate.png; vscode/screenshots/hover-boundary-click.png
I1284-011,1284,cli,対象外,,hover内nodeをclickでき主図が対象へ移動,,,
I1284-012,1284,native,未実施,fixtures/hover.pfdsl,右端の狭いhoverでもmetadataを読みclickできる,部分成功のみ。補完: 狭幅右端のinput tooltipにdescription全文折返し/status doneとSVGが収まり、tooltip build clickで主図移動。今回はsupported keyboard focusでtooltipを開いた証拠であり、同位置pointer再入では表示を確認できなかったことも記録。 全条件の認定はしない。reviewer/parentの保守的集約判定に整合。,全条件への保守的判定: keyboardfocusで右端tooltipを開いた可読性/clickは成功だが、同位置pointer再入の表示を確認できていない。別入口の成功をpointer入口の成功へ代替しないため部分確認。,native/supprightkeyboard.jpg; native/suppcuehover0.jpg; native/supplement-notes.md
I1284-012,1284,vscode,成功,"vscode/input/hover-valid.pfdsl (8 nodes,7 edges; source/constraint→transform→result/report; result→review→final; report feedback→transform; lonely)",右端の狭いhoverでもmetadataを読みclickできる,"Pan graph down/right so Result is at preview bottom/right. Tooltip clamps within right1178/bottom807, owner/status/criteria legible horizontally, internal scrollbar accessible. Clicking local transform succeeds and pans main graph.",,vscode/screenshots/hover-boundary-pan.png; vscode/screenshots/hover-bottom-right.png; vscode/screenshots/hover-boundary-click.png
I1284-012,1284,cli,対象外,,右端の狭いhoverでもmetadataを読みclickできる,,,
I1284-013,1284,native,成功,fixtures/hover.pfdsl,下端の狭いhoverでもmetadataを読みclickできる,下端inputでdescription全文が折返されstatusも可読。hover内build clickで主図移動。,,native/hover-bottom-metadata.jpg; native/hover-bottom-follow.jpg
I1284-013,1284,vscode,成功,"vscode/input/hover-valid.pfdsl (8 nodes,7 edges; source/constraint→transform→result/report; result→review→final; report feedback→transform; lonely)",下端の狭いhoverでもmetadataを読みclickできる,"Pan graph down/right so Result is at preview bottom/right. Tooltip clamps within right1178/bottom807, owner/status/criteria legible horizontally, internal scrollbar accessible. Clicking local transform succeeds and pans main graph.",,vscode/screenshots/hover-boundary-pan.png; vscode/screenshots/hover-bottom-right.png; vscode/screenshots/hover-boundary-click.png
I1284-013,1284,cli,対象外,,下端の狭いhoverでもmetadataを読みclickできる,,,
I1284-014,1284,native,未実施,fixtures/hover.pfdsl,hover内click移動で対象だけを短時間穏やかに強調,補完: hoverclick/editor semantic選択は主図移動成功。各経路4連続screenshot（約0.8–0.9秒の採取開始範囲）でもcueを明瞭に視認できず、一時強調・旧cue解除・通常再描画非反復を未認定。capture timingや描画経路の原因未確定。実装不在/不具合とは断定しない。,,native/suppcuehover0.jpg; native/suppcuehover3.jpg; native/suppcueeditor0.jpg; native/suppcueeditor3.jpg; native/cue-sampling.json
I1284-014,1284,vscode,成功,"vscode/input/hover-valid.pfdsl (8 nodes,7 edges; source/constraint→transform→result/report; result→review→final; report feedback→transform; lonely)",hover内click移動で対象だけを短時間穏やかに強調,"Actual local-node click highlights only target blue. Captured17 frames spanning0–2293ms after initial AX observation: blue present frame07 (~1006ms), gone frame09 (~1279ms); subsequent orange focus outline is distinct and persists. No flashing/fill color replacement. Timing is observation-relative, not exact application timer latency.",,vscode/screenshots/cue-frame-00.png; vscode/screenshots/cue-frame-07.png; vscode/screenshots/cue-frame-09.png; vscode/screenshots/cue-frame-16.png; vscode/cue-timing.json
I1284-014,1284,cli,対象外,,hover内click移動で対象だけを短時間穏やかに強調,,,
I1284-015,1284,native,未実施,fixtures/hover.pfdsl,editorのsemantic node選択移動で同じ対象cue,補完: hoverclick/editor semantic選択は主図移動成功。各経路4連続screenshot（約0.8–0.9秒の採取開始範囲）でもcueを明瞭に視認できず、一時強調・旧cue解除・通常再描画非反復を未認定。capture timingや描画経路の原因未確定。実装不在/不具合とは断定しない。,,native/suppcuehover0.jpg; native/suppcuehover3.jpg; native/suppcueeditor0.jpg; native/suppcueeditor3.jpg; native/cue-sampling.json
I1284-015,1284,vscode,成功,"vscode/input/hover-valid.pfdsl (8 nodes,7 edges; source/constraint→transform→result/report; result→review→final; report feedback→transform; lonely)",editorのsemantic node選択移動で同じ対象cue,Editor source-node semantic selection produces same blue target cue. Result selected669ms later gets new cue and source blue disappears while original green/yellow colors remain.,,vscode/screenshots/editor-source-cue.png; vscode/screenshots/editor-result-cue.png; vscode/cue-timing.json
I1284-015,1284,cli,対象外,,editorのsemantic node選択移動で同じ対象cue,,,
I1284-016,1284,native,未実施,fixtures/hover.pfdsl,続けて別nodeへ移動すると旧強調が消え新対象のみcue,補完: hoverclick/editor semantic選択は主図移動成功。各経路4連続screenshot（約0.8–0.9秒の採取開始範囲）でもcueを明瞭に視認できず、一時強調・旧cue解除・通常再描画非反復を未認定。capture timingや描画経路の原因未確定。実装不在/不具合とは断定しない。,,native/suppcuehover0.jpg; native/suppcuehover3.jpg; native/suppcueeditor0.jpg; native/suppcueeditor3.jpg; native/cue-sampling.json
I1284-016,1284,vscode,成功,"vscode/input/hover-valid.pfdsl (8 nodes,7 edges; source/constraint→transform→result/report; result→review→final; report feedback→transform; lonely)",続けて別nodeへ移動すると旧強調が消え新対象のみcue,Editor source-node semantic selection produces same blue target cue. Result selected669ms later gets new cue and source blue disappears while original green/yellow colors remain.,,vscode/screenshots/editor-source-cue.png; vscode/screenshots/editor-result-cue.png; vscode/cue-timing.json
I1284-016,1284,cli,対象外,,続けて別nodeへ移動すると旧強調が消え新対象のみcue,,,
I1284-017,1284,native,未実施,fixtures/hover.pfdsl,通常再描画/位置保持だけではcueを繰り返さない,補完: hoverclick/editor semantic選択は主図移動成功。各経路4連続screenshot（約0.8–0.9秒の採取開始範囲）でもcueを明瞭に視認できず、一時強調・旧cue解除・通常再描画非反復を未認定。capture timingや描画経路の原因未確定。実装不在/不具合とは断定しない。,,native/suppcuehover0.jpg; native/suppcuehover3.jpg; native/suppcueeditor0.jpg; native/suppcueeditor3.jpg; native/cue-sampling.json
I1284-017,1284,vscode,成功,"vscode/input/hover-valid.pfdsl (8 nodes,7 edges; source/constraint→transform→result/report; result→review→final; report feedback→transform; lonely)",通常再描画/位置保持だけではcueを繰り返さない,"With caret moved to body end (no semantic selection), append # redraw and save at79.8% panned camera. Graph redraw retains camera and colors without blue cue. Restored original source bytes afterward.",,vscode/screenshots/hover-wheel.png; vscode/screenshots/hover-redraw.png; vscode/source-states/hover-redraw.pfdsl
I1284-017,1284,cli,対象外,,通常再描画/位置保持だけではcueを繰り返さない,,,
I1284-018,1284,native,成功,fixtures/hover.pfdsl,zoom/panを妨げず本来の色/statusを維持,hover前後もbackground pan/zoomが動作しinput status done/metadata表示を保持。,,native/hover-bottom-metadata.jpg; native/background-double-click.jpg
I1284-018,1284,vscode,成功,"vscode/input/hover-valid.pfdsl (8 nodes,7 edges; source/constraint→transform→result/report; result→review→final; report feedback→transform; lonely)",zoom/panを妨げず本来の色/statusを維持,Outside tooltip wheel66→79.8% zoom and main drag work; internal tooltip scroll does not zoom main graph. Green done Source/yellow wip Result fills and status strings preserved through cue/navigation.,,vscode/screenshots/hover-wheel.png; vscode/screenshots/hover-boundary-pan.png; vscode/screenshots/editor-result-cue.png
I1284-018,1284,cli,対象外,,zoom/panを妨げず本来の色/statusを維持,,,
I1284-019,1284,native,成功,fixtures/hover.pfdsl,Node actions・定義作成・既存ノード操作を妨げない,Tab nodefocusではhover、EnterではNode actionsへ移りCreateを使用できる。既存double-clickも維持。,,native/operation-notes.md; native/node-double-click.jpg
I1284-019,1284,vscode,成功,"vscode/input/hover-valid.pfdsl (8 nodes,7 edges; source/constraint→transform→result/report; result→review→final; report feedback→transform; lonely)",Node actions・定義作成・既存ノード操作を妨げない,"While report hover visible, right-click report opens artifact:report Node actions, Create definition selects inserted report label and criteria guidance. Single Undo restores definition. Existing node double-click also verified independently.",,vscode/screenshots/hover-before-actions.png; vscode/screenshots/hover-actions.png; vscode/screenshots/hover-create.png; vscode/screenshots/doubleclick-definition.png; vscode/source-states/hover-created.pfdsl
I1284-019,1284,cli,対象外,,Node actions・定義作成・既存ノード操作を妨げない,,,
I1284-020,1284,native,成功,fixtures/hover.pfdsl,tab切替で古いhover・cue・移動結果が別文書へ残らない,補完: active build neighborhood表示から明確に異なるdifferent tabへswitch。旧hoverなし、titleとalpha/beta/gammaの図を表示。,,native/supphoverbeforetab.jpg; native/supphoveraftertab.jpg
I1284-020,1284,vscode,成功,hover-valid.pfdsl and other-document.pfdsl,tab切替で古いhover・cue・移動結果が別文書へ残らない,"A has source hover and new blue cue; switch to distinct B preview: B’s own three-node graph stays100%, no A hover/cue/camera leakage. Return A retains its79.8% camera and no stale tooltip/cue.",,vscode/screenshots/tab-a-cue.png; vscode/screenshots/tab-b-clean.png; vscode/screenshots/tab-a-return.png
I1284-020,1284,cli,対象外,,tab切替で古いhover・cue・移動結果が別文書へ残らない,,,
I1284-021,1284,native,未実施,fixtures/hover.pfdsl,閉じ直し/dispose後に古いhover・cue・非同期renderが次文書へ残らない,部分成功のみ。補完: active hoverを持つnative windowを閉じexit0→同AppRun再起動で別の日本語初期文書に旧hover/cueなし。nativeが提供するwindow/process境界の確認。個別tab close UIはなく同processのtab-dispose raceはこの結果から認定しない。 全条件の認定はしない。reviewer/parentの保守的集約判定に整合。,全条件への保守的判定: native window/process終了→同AppRun再起動で旧hoverなしは成功（I1352-016）。同process文書dispose後の古い非同期描画/移動隔離は個別close UIがなく未確認。,native/supphoverbeforetab.jpg; native/suppdispose.jpg; native/supp-first-exit.txt; native/supp-exit.txt
I1284-021,1284,vscode,成功,hover-valid.pfdsl and other-document.pfdsl,閉じ直し/dispose後に古いhover・cue・非同期renderが次文書へ残らない,"Close A preview while source hover open: visible B remains its own100% graph, no old hover/cue or later A render observed. Reopen A: fresh66% Fit,8nodes, no old overlay. Normal dispose path tested; no synthetic delayed-render race injected.",,vscode/screenshots/dispose-hover-before.png; vscode/screenshots/dispose-b-clean.png; vscode/screenshots/hover-reopened.png
I1284-021,1284,cli,対象外,,閉じ直し/dispose後に古いhover・cue・非同期renderが次文書へ残らない,,,
I1284-022,1284,native,未実施,fixtures/hover.pfdsl,reduced motionの既存OS設定を確認可能なら検査（設定変更禁止、media emulationは別証拠）,OS reduced-motion設定変更は禁止。現在設定をGUIで確証できずmedia emulationも未実施。,,native/operation-notes.md
I1284-022,1284,vscode,未実施,"vscode/input/hover-valid.pfdsl (8 nodes,7 edges; source/constraint→transform→result/report; result→review→final; report feedback→transform; lonely)",reduced motionの既存OS設定を確認可能なら検査（設定変更禁止、media emulationは別証拠）,OS effective prefers-reduced-motion setting has not been established for this Electron host. OS settings and media emulation were not changed. Conditional reduced-motion branch remains unverified; normal-motion cue was captured separately.,,
I1284-022,1284,cli,対象外,,reduced motionの既存OS設定を確認可能なら検査（設定変更禁止、media emulationは別証拠）,,,
I483-001,483,native,成功,fixtures/actions.pfdsl,キャンセル時はsource不変,Cancelnode入力後Closeでsource不変。,,native/conn-cancel.json
I483-001,483,vscode,成功,fixtures/original/connections.pfdsl,キャンセル時はsource不変,"Populated target cancelled_node, clicked Close; action panel dismissed and document remained byte-identical to baseline.",,vscode/screenshots/cancel-before.png; vscode/screenshots/cancel-after.png; vscode/source-states/connection-cancel-after.pfdsl; vscode/source-diffs/connection-cancel.patch
I483-001,483,cli,対象外,,キャンセル時はsource不変,,,
I483-002,483,native,成功,fixtures/actions.pfdsl,メニューを開いた後source編集すると古い候補を適用しない,補完: build menu→editor title末尾spaceで旧menuが消え、取得source差分はそのspaceのみ。Undoでbaseline復帰。,,native/suppkeyboard.jpg; native/suppstale.jpg; native/suppstaletext.json; native/supp-stale.diff
I483-002,483,vscode,成功,fixtures/original/connections.pfdsl,メニューを開いた後source編集すると古い候補を適用しない,Opened transform menu with stale_node then edited source title by adding x. Redraw automatically removed the old menu; no old candidate was applied. Saved diff contains only the intended one-character title edit. Source restored through Undo. No synthetic stale message was sent.,,vscode/screenshots/stale-menu-before.png; vscode/screenshots/stale-menu-after.png; vscode/source-states/stale-menu-after.pfdsl; vscode/source-diffs/stale-menu.patch
I483-002,483,cli,対象外,,メニューを開いた後source編集すると古い候補を適用しない,,,
I483-003,483,native,成功,fixtures/actions.pfdsl,メニュー後tab切替で別文書へ変更を誤適用しない,"補完: build menuを開いて異なるtitle/alpha,beta,gammaのdifferent.pfdslへswitch。旧menuなし、両documentの全文captureが各baselineと一致。",,native/suppdifferent.jpg; native/suppisotext.json; native/supp-source-validation.json
I483-003,483,vscode,成功,fixtures/original/connections.pfdsl + fixtures/original/other-document.pfdsl,メニュー後tab切替で別文書へ変更を誤適用しない,"With connections preview menu targeting spare_in open, switched left source tab to distinct other-document. Add connection applied only to its original connections source, opened that source visibly and left other-document byte-identical. Result exactly matches independently tested existing-input output.",,vscode/screenshots/crossdoc-before.png; vscode/screenshots/crossdoc-after-saved.png; vscode/source-states/crossdoc-connections-after.pfdsl; vscode/source-states/crossdoc-other-after.pfdsl; vscode/source-diffs/crossdoc-other.patch
I483-003,483,cli,対象外,,メニュー後tab切替で別文書へ変更を誤適用しない,,,
I483-004,483,native,成功,fixtures/actions.pfdsl,既存double-clickによる定義移動と競合しない,node double-clickの定義移動維持。,,native/node-double-click.jpg
I483-004,483,vscode,成功,fixtures/original/connections.pfdsl,既存double-clickによる定義移動と競合しない,"After six connector cases and reset, first double-click transform selected body line20 (9 chars), next double-click selected frontmatter line14 (9 chars); no source mutation.",,vscode/screenshots/doubleclick-body.png; vscode/screenshots/doubleclick-definition.png
I483-004,483,cli,対象外,,既存double-clickによる定義移動と競合しない,,,
I483-005,483,native,成功,fixtures/actions.pfdsl,zoom/panと競合しない,接続後もFit/zoom/pan可能。,,native/operation-notes.md
I483-005,483,vscode,成功,connections.pfdsl / hover-valid.pfdsl,zoom/panと競合しない,"After connector cases, zoom/pan at194.9% and error recovery retain camera; hover wheel66→79.8% and drag likewise work.",,vscode/screenshots/error-before-final.png; vscode/screenshots/error-recovered.png; vscode/screenshots/hover-boundary-pan.png; vscode/screenshots/hover-wheel.png
I483-005,483,cli,対象外,,zoom/panと競合しない,,,
I483-006,483,native,成功,fixtures/actions.pfdsl,Node actionsの定義作成と競合しない,同じNode actions内のartifact/process定義作成と接続編集が競合しない。,,native/operation-notes.md
I483-006,483,vscode,成功,connections.pfdsl,Node actionsの定義作成と競合しない,"After all connector cases, result Create definition selects its label and shows criteria guidance/W002. Single Undo restores baseline. Hovered undefined report also opens actions and creates definition.",,vscode/screenshots/connection-create-menu.png; vscode/screenshots/created-w002-problems.png; vscode/screenshots/hover-create.png; vscode/source-states/connection-definition-after.pfdsl
I483-006,483,cli,対象外,,Node actionsの定義作成と競合しない,,,
I483-007,483,native,成功,fixtures/actions.pfdsl,input × 既存target: 独立初期文書から前後関係・種別・compatible target/新IDをUI選択,clean baselineからdirection/targetを選択。,,native/conn-input-existing.jpg; native/conn-input-existing.json; native/connection-validation.json
I483-007,483,vscode,成功,fixtures/original/connections.pfdsl,input × 既存target: 独立初期文書から前後関係・種別・compatible target/新IDをUI選択,"Independent baseline verified byte-identical before case input-existing; UI selected direction and existing/new target. Saved source appends only its expected edge line, diagram/minimap showed corresponding node and direction (feedback dashed). One Undo returned baseline bytes, Redo returned after bytes, final Undo reset baseline. Unrelated bytes unchanged.",,vscode/screenshots/input-existing-selected.png; vscode/screenshots/input-existing-after.png; vscode/source-states/input-existing-after.pfdsl; vscode/source-states/input-existing-undo.pfdsl; vscode/source-states/input-existing-redo.pfdsl; vscode/source-diffs/input-existing.patch; vscode/edit-verification.json
I483-007,483,cli,対象外,,input × 既存target: 独立初期文書から前後関係・種別・compatible target/新IDをUI選択,,,
I483-008,483,native,成功,fixtures/actions.pfdsl,input × 既存target: sourceと再描画previewの方向・edge種別・追加ID一致,sourceと図の矢印/種別/新IDが一致。,,native/conn-input-existing.jpg; native/conn-input-existing.json; native/connection-validation.json
I483-008,483,vscode,成功,fixtures/original/connections.pfdsl,input × 既存target: sourceと再描画previewの方向・edge種別・追加ID一致,"Independent baseline verified byte-identical before case input-existing; UI selected direction and existing/new target. Saved source appends only its expected edge line, diagram/minimap showed corresponding node and direction (feedback dashed). One Undo returned baseline bytes, Redo returned after bytes, final Undo reset baseline. Unrelated bytes unchanged.",,vscode/screenshots/input-existing-selected.png; vscode/screenshots/input-existing-after.png; vscode/source-states/input-existing-after.pfdsl; vscode/source-states/input-existing-undo.pfdsl; vscode/source-states/input-existing-redo.pfdsl; vscode/source-diffs/input-existing.patch; vscode/edit-verification.json
I483-008,483,cli,対象外,,input × 既存target: sourceと再描画previewの方向・edge種別・追加ID一致,,,
I483-009,483,native,成功,fixtures/actions.pfdsl,input × 既存target: 1回Undoで初期状態、Redoで編集復元,1回CtrlZの全文がbaseline一致、CtrlShiftZがafter全文一致。,,native/conn-input-existing.jpg; native/conn-input-existing.json; native/connection-validation.json
I483-009,483,vscode,成功,fixtures/original/connections.pfdsl,input × 既存target: 1回Undoで初期状態、Redoで編集復元,"Independent baseline verified byte-identical before case input-existing; UI selected direction and existing/new target. Saved source appends only its expected edge line, diagram/minimap showed corresponding node and direction (feedback dashed). One Undo returned baseline bytes, Redo returned after bytes, final Undo reset baseline. Unrelated bytes unchanged.",,vscode/screenshots/input-existing-selected.png; vscode/screenshots/input-existing-after.png; vscode/source-states/input-existing-after.pfdsl; vscode/source-states/input-existing-undo.pfdsl; vscode/source-states/input-existing-redo.pfdsl; vscode/source-diffs/input-existing.patch; vscode/edit-verification.json
I483-009,483,cli,対象外,,input × 既存target: 1回Undoで初期状態、Redoで編集復元,,,
I483-010,483,native,成功,fixtures/actions.pfdsl,input × 既存target: 無関係source・定義保持,差分は指定connection1行のみ。コメント・引用・定義・既存bodyを保持。,,native/conn-input-existing.jpg; native/conn-input-existing.json; native/connection-validation.json
I483-010,483,vscode,成功,fixtures/original/connections.pfdsl,input × 既存target: 無関係source・定義保持,"Independent baseline verified byte-identical before case input-existing; UI selected direction and existing/new target. Saved source appends only its expected edge line, diagram/minimap showed corresponding node and direction (feedback dashed). One Undo returned baseline bytes, Redo returned after bytes, final Undo reset baseline. Unrelated bytes unchanged.",,vscode/screenshots/input-existing-selected.png; vscode/screenshots/input-existing-after.png; vscode/source-states/input-existing-after.pfdsl; vscode/source-states/input-existing-undo.pfdsl; vscode/source-states/input-existing-redo.pfdsl; vscode/source-diffs/input-existing.patch; vscode/edit-verification.json
I483-010,483,cli,対象外,,input × 既存target: 無関係source・定義保持,,,
I483-011,483,native,成功,fixtures/actions.pfdsl,input × 新規target: 独立初期文書から前後関係・種別・compatible target/新IDをUI選択,clean baselineからdirection/targetを選択。,,native/conn-input-new.jpg; native/conn-input-new.json; native/connection-validation.json
I483-011,483,vscode,成功,fixtures/original/connections.pfdsl,input × 新規target: 独立初期文書から前後関係・種別・compatible target/新IDをUI選択,"Independent baseline verified byte-identical before case input-new; UI selected direction and existing/new target. Saved source appends only its expected edge line, diagram/minimap showed corresponding node and direction (feedback dashed). One Undo returned baseline bytes, Redo returned after bytes, final Undo reset baseline. Unrelated bytes unchanged.",,vscode/screenshots/input-new-selected.png; vscode/screenshots/input-new-after.png; vscode/source-states/input-new-after.pfdsl; vscode/source-states/input-new-undo.pfdsl; vscode/source-states/input-new-redo.pfdsl; vscode/source-diffs/input-new.patch; vscode/edit-verification.json
I483-011,483,cli,対象外,,input × 新規target: 独立初期文書から前後関係・種別・compatible target/新IDをUI選択,,,
I483-012,483,native,成功,fixtures/actions.pfdsl,input × 新規target: sourceと再描画previewの方向・edge種別・追加ID一致,sourceと図の矢印/種別/新IDが一致。,,native/conn-input-new.jpg; native/conn-input-new.json; native/connection-validation.json
I483-012,483,vscode,成功,fixtures/original/connections.pfdsl,input × 新規target: sourceと再描画previewの方向・edge種別・追加ID一致,"Independent baseline verified byte-identical before case input-new; UI selected direction and existing/new target. Saved source appends only its expected edge line, diagram/minimap showed corresponding node and direction (feedback dashed). One Undo returned baseline bytes, Redo returned after bytes, final Undo reset baseline. Unrelated bytes unchanged.",,vscode/screenshots/input-new-selected.png; vscode/screenshots/input-new-after.png; vscode/source-states/input-new-after.pfdsl; vscode/source-states/input-new-undo.pfdsl; vscode/source-states/input-new-redo.pfdsl; vscode/source-diffs/input-new.patch; vscode/edit-verification.json
I483-012,483,cli,対象外,,input × 新規target: sourceと再描画previewの方向・edge種別・追加ID一致,,,
I483-013,483,native,成功,fixtures/actions.pfdsl,input × 新規target: 1回Undoで初期状態、Redoで編集復元,1回CtrlZの全文がbaseline一致、CtrlShiftZがafter全文一致。,,native/conn-input-new.jpg; native/conn-input-new.json; native/connection-validation.json
I483-013,483,vscode,成功,fixtures/original/connections.pfdsl,input × 新規target: 1回Undoで初期状態、Redoで編集復元,"Independent baseline verified byte-identical before case input-new; UI selected direction and existing/new target. Saved source appends only its expected edge line, diagram/minimap showed corresponding node and direction (feedback dashed). One Undo returned baseline bytes, Redo returned after bytes, final Undo reset baseline. Unrelated bytes unchanged.",,vscode/screenshots/input-new-selected.png; vscode/screenshots/input-new-after.png; vscode/source-states/input-new-after.pfdsl; vscode/source-states/input-new-undo.pfdsl; vscode/source-states/input-new-redo.pfdsl; vscode/source-diffs/input-new.patch; vscode/edit-verification.json
I483-013,483,cli,対象外,,input × 新規target: 1回Undoで初期状態、Redoで編集復元,,,
I483-014,483,native,成功,fixtures/actions.pfdsl,input × 新規target: 無関係source・定義保持,差分は指定connection1行のみ。コメント・引用・定義・既存bodyを保持。,,native/conn-input-new.jpg; native/conn-input-new.json; native/connection-validation.json
I483-014,483,vscode,成功,fixtures/original/connections.pfdsl,input × 新規target: 無関係source・定義保持,"Independent baseline verified byte-identical before case input-new; UI selected direction and existing/new target. Saved source appends only its expected edge line, diagram/minimap showed corresponding node and direction (feedback dashed). One Undo returned baseline bytes, Redo returned after bytes, final Undo reset baseline. Unrelated bytes unchanged.",,vscode/screenshots/input-new-selected.png; vscode/screenshots/input-new-after.png; vscode/source-states/input-new-after.pfdsl; vscode/source-states/input-new-undo.pfdsl; vscode/source-states/input-new-redo.pfdsl; vscode/source-diffs/input-new.patch; vscode/edit-verification.json
I483-014,483,cli,対象外,,input × 新規target: 無関係source・定義保持,,,
I483-015,483,native,成功,fixtures/actions.pfdsl,feedback × 既存target: 独立初期文書から前後関係・種別・compatible target/新IDをUI選択,clean baselineからdirection/targetを選択。,,native/conn-feedback-existing.jpg; native/conn-feedback-existing.json; native/connection-validation.json
I483-015,483,vscode,成功,fixtures/original/connections.pfdsl,feedback × 既存target: 独立初期文書から前後関係・種別・compatible target/新IDをUI選択,"Independent baseline verified byte-identical before case feedback-existing; UI selected direction and existing/new target. Saved source appends only its expected edge line, diagram/minimap showed corresponding node and direction (feedback dashed). One Undo returned baseline bytes, Redo returned after bytes, final Undo reset baseline. Unrelated bytes unchanged.",,vscode/screenshots/feedback-existing-selected.png; vscode/screenshots/feedback-existing-after.png; vscode/source-states/feedback-existing-after.pfdsl; vscode/source-states/feedback-existing-undo.pfdsl; vscode/source-states/feedback-existing-redo.pfdsl; vscode/source-diffs/feedback-existing.patch; vscode/edit-verification.json
I483-015,483,cli,対象外,,feedback × 既存target: 独立初期文書から前後関係・種別・compatible target/新IDをUI選択,,,
I483-016,483,native,成功,fixtures/actions.pfdsl,feedback × 既存target: sourceと再描画previewの方向・edge種別・追加ID一致,sourceと図の矢印/種別/新IDが一致。,,native/conn-feedback-existing.jpg; native/conn-feedback-existing.json; native/connection-validation.json
I483-016,483,vscode,成功,fixtures/original/connections.pfdsl,feedback × 既存target: sourceと再描画previewの方向・edge種別・追加ID一致,"Independent baseline verified byte-identical before case feedback-existing; UI selected direction and existing/new target. Saved source appends only its expected edge line, diagram/minimap showed corresponding node and direction (feedback dashed). One Undo returned baseline bytes, Redo returned after bytes, final Undo reset baseline. Unrelated bytes unchanged.",,vscode/screenshots/feedback-existing-selected.png; vscode/screenshots/feedback-existing-after.png; vscode/source-states/feedback-existing-after.pfdsl; vscode/source-states/feedback-existing-undo.pfdsl; vscode/source-states/feedback-existing-redo.pfdsl; vscode/source-diffs/feedback-existing.patch; vscode/edit-verification.json
I483-016,483,cli,対象外,,feedback × 既存target: sourceと再描画previewの方向・edge種別・追加ID一致,,,
I483-017,483,native,成功,fixtures/actions.pfdsl,feedback × 既存target: 1回Undoで初期状態、Redoで編集復元,1回CtrlZの全文がbaseline一致、CtrlShiftZがafter全文一致。,,native/conn-feedback-existing.jpg; native/conn-feedback-existing.json; native/connection-validation.json
I483-017,483,vscode,成功,fixtures/original/connections.pfdsl,feedback × 既存target: 1回Undoで初期状態、Redoで編集復元,"Independent baseline verified byte-identical before case feedback-existing; UI selected direction and existing/new target. Saved source appends only its expected edge line, diagram/minimap showed corresponding node and direction (feedback dashed). One Undo returned baseline bytes, Redo returned after bytes, final Undo reset baseline. Unrelated bytes unchanged.",,vscode/screenshots/feedback-existing-selected.png; vscode/screenshots/feedback-existing-after.png; vscode/source-states/feedback-existing-after.pfdsl; vscode/source-states/feedback-existing-undo.pfdsl; vscode/source-states/feedback-existing-redo.pfdsl; vscode/source-diffs/feedback-existing.patch; vscode/edit-verification.json
I483-017,483,cli,対象外,,feedback × 既存target: 1回Undoで初期状態、Redoで編集復元,,,
I483-018,483,native,成功,fixtures/actions.pfdsl,feedback × 既存target: 無関係source・定義保持,差分は指定connection1行のみ。コメント・引用・定義・既存bodyを保持。,,native/conn-feedback-existing.jpg; native/conn-feedback-existing.json; native/connection-validation.json
I483-018,483,vscode,成功,fixtures/original/connections.pfdsl,feedback × 既存target: 無関係source・定義保持,"Independent baseline verified byte-identical before case feedback-existing; UI selected direction and existing/new target. Saved source appends only its expected edge line, diagram/minimap showed corresponding node and direction (feedback dashed). One Undo returned baseline bytes, Redo returned after bytes, final Undo reset baseline. Unrelated bytes unchanged.",,vscode/screenshots/feedback-existing-selected.png; vscode/screenshots/feedback-existing-after.png; vscode/source-states/feedback-existing-after.pfdsl; vscode/source-states/feedback-existing-undo.pfdsl; vscode/source-states/feedback-existing-redo.pfdsl; vscode/source-diffs/feedback-existing.patch; vscode/edit-verification.json
I483-018,483,cli,対象外,,feedback × 既存target: 無関係source・定義保持,,,
I483-019,483,native,成功,fixtures/actions.pfdsl,feedback × 新規target: 独立初期文書から前後関係・種別・compatible target/新IDをUI選択,clean baselineからdirection/targetを選択。,,native/conn-feedback-new.jpg; native/conn-feedback-new.json; native/connection-validation.json
I483-019,483,vscode,成功,fixtures/original/connections.pfdsl,feedback × 新規target: 独立初期文書から前後関係・種別・compatible target/新IDをUI選択,"Independent baseline verified byte-identical before case feedback-new; UI selected direction and existing/new target. Saved source appends only its expected edge line, diagram/minimap showed corresponding node and direction (feedback dashed). One Undo returned baseline bytes, Redo returned after bytes, final Undo reset baseline. Unrelated bytes unchanged.",,vscode/screenshots/feedback-new-selected.png; vscode/screenshots/feedback-new-after.png; vscode/source-states/feedback-new-after.pfdsl; vscode/source-states/feedback-new-undo.pfdsl; vscode/source-states/feedback-new-redo.pfdsl; vscode/source-diffs/feedback-new.patch; vscode/edit-verification.json
I483-019,483,cli,対象外,,feedback × 新規target: 独立初期文書から前後関係・種別・compatible target/新IDをUI選択,,,
I483-020,483,native,成功,fixtures/actions.pfdsl,feedback × 新規target: sourceと再描画previewの方向・edge種別・追加ID一致,sourceと図の矢印/種別/新IDが一致。,,native/conn-feedback-new.jpg; native/conn-feedback-new.json; native/connection-validation.json
I483-020,483,vscode,成功,fixtures/original/connections.pfdsl,feedback × 新規target: sourceと再描画previewの方向・edge種別・追加ID一致,"Independent baseline verified byte-identical before case feedback-new; UI selected direction and existing/new target. Saved source appends only its expected edge line, diagram/minimap showed corresponding node and direction (feedback dashed). One Undo returned baseline bytes, Redo returned after bytes, final Undo reset baseline. Unrelated bytes unchanged.",,vscode/screenshots/feedback-new-selected.png; vscode/screenshots/feedback-new-after.png; vscode/source-states/feedback-new-after.pfdsl; vscode/source-states/feedback-new-undo.pfdsl; vscode/source-states/feedback-new-redo.pfdsl; vscode/source-diffs/feedback-new.patch; vscode/edit-verification.json
I483-020,483,cli,対象外,,feedback × 新規target: sourceと再描画previewの方向・edge種別・追加ID一致,,,
I483-021,483,native,成功,fixtures/actions.pfdsl,feedback × 新規target: 1回Undoで初期状態、Redoで編集復元,1回CtrlZの全文がbaseline一致、CtrlShiftZがafter全文一致。,,native/conn-feedback-new.jpg; native/conn-feedback-new.json; native/connection-validation.json
I483-021,483,vscode,成功,fixtures/original/connections.pfdsl,feedback × 新規target: 1回Undoで初期状態、Redoで編集復元,"Independent baseline verified byte-identical before case feedback-new; UI selected direction and existing/new target. Saved source appends only its expected edge line, diagram/minimap showed corresponding node and direction (feedback dashed). One Undo returned baseline bytes, Redo returned after bytes, final Undo reset baseline. Unrelated bytes unchanged.",,vscode/screenshots/feedback-new-selected.png; vscode/screenshots/feedback-new-after.png; vscode/source-states/feedback-new-after.pfdsl; vscode/source-states/feedback-new-undo.pfdsl; vscode/source-states/feedback-new-redo.pfdsl; vscode/source-diffs/feedback-new.patch; vscode/edit-verification.json
I483-021,483,cli,対象外,,feedback × 新規target: 1回Undoで初期状態、Redoで編集復元,,,
I483-022,483,native,成功,fixtures/actions.pfdsl,feedback × 新規target: 無関係source・定義保持,差分は指定connection1行のみ。コメント・引用・定義・既存bodyを保持。,,native/conn-feedback-new.jpg; native/conn-feedback-new.json; native/connection-validation.json
I483-022,483,vscode,成功,fixtures/original/connections.pfdsl,feedback × 新規target: 無関係source・定義保持,"Independent baseline verified byte-identical before case feedback-new; UI selected direction and existing/new target. Saved source appends only its expected edge line, diagram/minimap showed corresponding node and direction (feedback dashed). One Undo returned baseline bytes, Redo returned after bytes, final Undo reset baseline. Unrelated bytes unchanged.",,vscode/screenshots/feedback-new-selected.png; vscode/screenshots/feedback-new-after.png; vscode/source-states/feedback-new-after.pfdsl; vscode/source-states/feedback-new-undo.pfdsl; vscode/source-states/feedback-new-redo.pfdsl; vscode/source-diffs/feedback-new.patch; vscode/edit-verification.json
I483-022,483,cli,対象外,,feedback × 新規target: 無関係source・定義保持,,,
I483-023,483,native,成功,fixtures/actions.pfdsl,output × 既存target: 独立初期文書から前後関係・種別・compatible target/新IDをUI選択,clean baselineからdirection/targetを選択。,,native/conn-output-existing-valid.jpg; native/conn-output-existing-valid.json; native/connection-validation.json
I483-023,483,vscode,成功,fixtures/original/connections.pfdsl,output × 既存target: 独立初期文書から前後関係・種別・compatible target/新IDをUI選択,"Independent baseline verified byte-identical before case output-existing; UI selected direction and existing/new target. Saved source appends only its expected edge line, diagram/minimap showed corresponding node and direction (feedback dashed). One Undo returned baseline bytes, Redo returned after bytes, final Undo reset baseline. Unrelated bytes unchanged.",,vscode/screenshots/output-existing-selected.png; vscode/screenshots/output-existing-after.png; vscode/source-states/output-existing-after.pfdsl; vscode/source-states/output-existing-undo.pfdsl; vscode/source-states/output-existing-redo.pfdsl; vscode/source-diffs/output-existing.patch; vscode/edit-verification.json
I483-023,483,cli,対象外,,output × 既存target: 独立初期文書から前後関係・種別・compatible target/新IDをUI選択,,,
I483-024,483,native,成功,fixtures/actions.pfdsl,output × 既存target: sourceと再描画previewの方向・edge種別・追加ID一致,sourceと図の矢印/種別/新IDが一致。,,native/conn-output-existing-valid.jpg; native/conn-output-existing-valid.json; native/connection-validation.json
I483-024,483,vscode,成功,fixtures/original/connections.pfdsl,output × 既存target: sourceと再描画previewの方向・edge種別・追加ID一致,"Independent baseline verified byte-identical before case output-existing; UI selected direction and existing/new target. Saved source appends only its expected edge line, diagram/minimap showed corresponding node and direction (feedback dashed). One Undo returned baseline bytes, Redo returned after bytes, final Undo reset baseline. Unrelated bytes unchanged.",,vscode/screenshots/output-existing-selected.png; vscode/screenshots/output-existing-after.png; vscode/source-states/output-existing-after.pfdsl; vscode/source-states/output-existing-undo.pfdsl; vscode/source-states/output-existing-redo.pfdsl; vscode/source-diffs/output-existing.patch; vscode/edit-verification.json
I483-024,483,cli,対象外,,output × 既存target: sourceと再描画previewの方向・edge種別・追加ID一致,,,
I483-025,483,native,成功,fixtures/actions.pfdsl,output × 既存target: 1回Undoで初期状態、Redoで編集復元,1回CtrlZの全文がbaseline一致、CtrlShiftZがafter全文一致。,,native/conn-output-existing-valid.jpg; native/conn-output-existing-valid.json; native/connection-validation.json
I483-025,483,vscode,成功,fixtures/original/connections.pfdsl,output × 既存target: 1回Undoで初期状態、Redoで編集復元,"Independent baseline verified byte-identical before case output-existing; UI selected direction and existing/new target. Saved source appends only its expected edge line, diagram/minimap showed corresponding node and direction (feedback dashed). One Undo returned baseline bytes, Redo returned after bytes, final Undo reset baseline. Unrelated bytes unchanged.",,vscode/screenshots/output-existing-selected.png; vscode/screenshots/output-existing-after.png; vscode/source-states/output-existing-after.pfdsl; vscode/source-states/output-existing-undo.pfdsl; vscode/source-states/output-existing-redo.pfdsl; vscode/source-diffs/output-existing.patch; vscode/edit-verification.json
I483-025,483,cli,対象外,,output × 既存target: 1回Undoで初期状態、Redoで編集復元,,,
I483-026,483,native,成功,fixtures/actions.pfdsl,output × 既存target: 無関係source・定義保持,差分は指定connection1行のみ。コメント・引用・定義・既存bodyを保持。,,native/conn-output-existing-valid.jpg; native/conn-output-existing-valid.json; native/connection-validation.json
I483-026,483,vscode,成功,fixtures/original/connections.pfdsl,output × 既存target: 無関係source・定義保持,"Independent baseline verified byte-identical before case output-existing; UI selected direction and existing/new target. Saved source appends only its expected edge line, diagram/minimap showed corresponding node and direction (feedback dashed). One Undo returned baseline bytes, Redo returned after bytes, final Undo reset baseline. Unrelated bytes unchanged.",,vscode/screenshots/output-existing-selected.png; vscode/screenshots/output-existing-after.png; vscode/source-states/output-existing-after.pfdsl; vscode/source-states/output-existing-undo.pfdsl; vscode/source-states/output-existing-redo.pfdsl; vscode/source-diffs/output-existing.patch; vscode/edit-verification.json
I483-026,483,cli,対象外,,output × 既存target: 無関係source・定義保持,,,
I483-027,483,native,成功,fixtures/actions.pfdsl,output × 新規target: 独立初期文書から前後関係・種別・compatible target/新IDをUI選択,clean baselineからdirection/targetを選択。,,native/conn-output-new.jpg; native/conn-output-new.json; native/connection-validation.json
I483-027,483,vscode,成功,fixtures/original/connections.pfdsl,output × 新規target: 独立初期文書から前後関係・種別・compatible target/新IDをUI選択,"Independent baseline verified byte-identical before case output-new; UI selected direction and existing/new target. Saved source appends only its expected edge line, diagram/minimap showed corresponding node and direction (feedback dashed). One Undo returned baseline bytes, Redo returned after bytes, final Undo reset baseline. Unrelated bytes unchanged.",,vscode/screenshots/output-new-selected.png; vscode/screenshots/output-new-after.png; vscode/source-states/output-new-after.pfdsl; vscode/source-states/output-new-undo.pfdsl; vscode/source-states/output-new-redo.pfdsl; vscode/source-diffs/output-new.patch; vscode/edit-verification.json
I483-027,483,cli,対象外,,output × 新規target: 独立初期文書から前後関係・種別・compatible target/新IDをUI選択,,,
I483-028,483,native,成功,fixtures/actions.pfdsl,output × 新規target: sourceと再描画previewの方向・edge種別・追加ID一致,sourceと図の矢印/種別/新IDが一致。,,native/conn-output-new.jpg; native/conn-output-new.json; native/connection-validation.json
I483-028,483,vscode,成功,fixtures/original/connections.pfdsl,output × 新規target: sourceと再描画previewの方向・edge種別・追加ID一致,"Independent baseline verified byte-identical before case output-new; UI selected direction and existing/new target. Saved source appends only its expected edge line, diagram/minimap showed corresponding node and direction (feedback dashed). One Undo returned baseline bytes, Redo returned after bytes, final Undo reset baseline. Unrelated bytes unchanged.",,vscode/screenshots/output-new-selected.png; vscode/screenshots/output-new-after.png; vscode/source-states/output-new-after.pfdsl; vscode/source-states/output-new-undo.pfdsl; vscode/source-states/output-new-redo.pfdsl; vscode/source-diffs/output-new.patch; vscode/edit-verification.json
I483-028,483,cli,対象外,,output × 新規target: sourceと再描画previewの方向・edge種別・追加ID一致,,,
I483-029,483,native,成功,fixtures/actions.pfdsl,output × 新規target: 1回Undoで初期状態、Redoで編集復元,1回CtrlZの全文がbaseline一致、CtrlShiftZがafter全文一致。,,native/conn-output-new.jpg; native/conn-output-new.json; native/connection-validation.json
I483-029,483,vscode,成功,fixtures/original/connections.pfdsl,output × 新規target: 1回Undoで初期状態、Redoで編集復元,"Independent baseline verified byte-identical before case output-new; UI selected direction and existing/new target. Saved source appends only its expected edge line, diagram/minimap showed corresponding node and direction (feedback dashed). One Undo returned baseline bytes, Redo returned after bytes, final Undo reset baseline. Unrelated bytes unchanged.",,vscode/screenshots/output-new-selected.png; vscode/screenshots/output-new-after.png; vscode/source-states/output-new-after.pfdsl; vscode/source-states/output-new-undo.pfdsl; vscode/source-states/output-new-redo.pfdsl; vscode/source-diffs/output-new.patch; vscode/edit-verification.json
I483-029,483,cli,対象外,,output × 新規target: 1回Undoで初期状態、Redoで編集復元,,,
I483-030,483,native,成功,fixtures/actions.pfdsl,output × 新規target: 無関係source・定義保持,差分は指定connection1行のみ。コメント・引用・定義・既存bodyを保持。,,native/conn-output-new.jpg; native/conn-output-new.json; native/connection-validation.json
I483-030,483,vscode,成功,fixtures/original/connections.pfdsl,output × 新規target: 無関係source・定義保持,"Independent baseline verified byte-identical before case output-new; UI selected direction and existing/new target. Saved source appends only its expected edge line, diagram/minimap showed corresponding node and direction (feedback dashed). One Undo returned baseline bytes, Redo returned after bytes, final Undo reset baseline. Unrelated bytes unchanged.",,vscode/screenshots/output-new-selected.png; vscode/screenshots/output-new-after.png; vscode/source-states/output-new-after.pfdsl; vscode/source-states/output-new-undo.pfdsl; vscode/source-states/output-new-redo.pfdsl; vscode/source-diffs/output-new.patch; vscode/edit-verification.json
I483-030,483,cli,対象外,,output × 新規target: 無関係source・定義保持,,,
